mesh1kmid,prefcode,citycode,year,month,dayflag,timezone,population,year_mm,cityname
53394519,13,13101,2019,1,0,0,13533,2019/01,chiyoda
53394519,13,13101,2019,1,0,1,5818,2019/01,chiyoda
53394519,13,13101,2019,1,0,2,8804,2019/01,chiyoda
53394519,13,13101,2019,1,1,0,63530,2019/01,chiyoda
53394519,13,13101,2019,1,1,1,9382,2019/01,chiyoda
53394519,13,13101,2019,1,1,2,34246,2019/01,chiyoda
53394519,13,13101,2019,1,2,0,47402,2019/01,chiyoda
53394519,13,13101,2019,1,2,1,8232,2019/01,chiyoda
53394519,13,13101,2019,1,2,2,26039,2019/01,chiyoda
53393671,13,13102,2019,1,0,0,333,2019/01,chuou
53393671,13,13102,2019,1,0,1,116,2019/01,chuou
53393671,13,13102,2019,1,0,2,198,2019/01,chuou
53393671,13,13102,2019,1,1,0,655,2019/01,chuou
53393671,13,13102,2019,1,1,1,78,2019/01,chuou
53393671,13,13102,2019,1,1,2,333,2019/01,chuou
53393671,13,13102,2019,1,2,0,551,2019/01,chuou
53393671,13,13102,2019,1,2,1,90,2019/01,chuou
53393671,13,13102,2019,1,2,2,289,2019/01,chuou
53393558,13,13103,2019,1,0,0,34341,2019/01,minato
53393558,13,13103,2019,1,0,1,29433,2019/01,minato
53393558,13,13103,2019,1,0,2,31486,2019/01,minato
53393558,13,13103,2019,1,1,0,52745,2019/01,minato
53393558,13,13103,2019,1,1,1,28175,2019/01,minato
53393558,13,13103,2019,1,1,2,40249,2019/01,minato
53393558,13,13103,2019,1,2,0,46808,2019/01,minato
53393558,13,13103,2019,1,2,1,28581,2019/01,minato
53393558,13,13103,2019,1,2,2,37423,2019/01,minato
53394517,13,13104,2019,1,0,0,15239,2019/01,shinjuku
53394517,13,13104,2019,1,0,1,5703,2019/01,shinjuku
53394517,13,13104,2019,1,0,2,9790,2019/01,shinjuku
53394517,13,13104,2019,1,1,0,26581,2019/01,shinjuku
53394517,13,13104,2019,1,1,1,6752,2019/01,shinjuku
53394517,13,13104,2019,1,1,2,16564,2019/01,shinjuku
53394517,13,13104,2019,1,2,0,22922,2019/01,shinjuku
53394517,13,13104,2019,1,2,1,6414,2019/01,shinjuku
53394517,13,13104,2019,1,2,2,14379,2019/01,shinjuku
53394558,13,13105,2019,1,0,0,18334,2019/01,bunkyo
53394558,13,13105,2019,1,0,1,16778,2019/01,bunkyo
53394558,13,13105,2019,1,0,2,17278,2019/01,bunkyo
53394558,13,13105,2019,1,1,0,26890,2019/01,bunkyo
53394558,13,13105,2019,1,1,1,17335,2019/01,bunkyo
53394558,13,13105,2019,1,1,2,21952,2019/01,bunkyo
53394558,13,13105,2019,1,2,0,24130,2019/01,bunkyo
53394558,13,13105,2019,1,2,1,17155,2019/01,bunkyo
53394558,13,13105,2019,1,2,2,20444,2019/01,bunkyo
53394642,13,13106,2019,1,0,0,35167,2019/01,taito
53394642,13,13106,2019,1,0,1,32234,2019/01,taito
53394642,13,13106,2019,1,0,2,33394,2019/01,taito
53394642,13,13106,2019,1,1,0,70982,2019/01,taito
53394642,13,13106,2019,1,1,1,34916,2019/01,taito
53394642,13,13106,2019,1,1,2,51754,2019/01,taito
53394642,13,13106,2019,1,2,0,59429,2019/01,taito
53394642,13,13106,2019,1,2,1,34051,2019/01,taito
53394642,13,13106,2019,1,2,2,45832,2019/01,taito
53394519,13,13101,2019,2,0,0,16280,2019/02,chiyoda
53394519,13,13101,2019,2,0,1,6496,2019/02,chiyoda
53394519,13,13101,2019,2,0,2,10575,2019/02,chiyoda
53394519,13,13101,2019,2,1,0,72551,2019/02,chiyoda
53394519,13,13101,2019,2,1,1,10275,2019/02,chiyoda
53394519,13,13101,2019,2,1,2,39022,2019/02,chiyoda
53394519,13,13101,2019,2,2,0,54464,2019/02,chiyoda
53394519,13,13101,2019,2,2,1,9060,2019/02,chiyoda
53394519,13,13101,2019,2,2,2,29878,2019/02,chiyoda
53393671,13,13102,2019,2,0,0,370,2019/02,chuou
53393671,13,13102,2019,2,0,1,81,2019/02,chuou
53393671,13,13102,2019,2,0,2,228,2019/02,chuou
53393671,13,13102,2019,2,1,0,818,2019/02,chuou
53393671,13,13102,2019,2,1,1,57,2019/02,chuou
53393671,13,13102,2019,2,1,2,407,2019/02,chuou
53393671,13,13102,2019,2,2,0,674,2019/02,chuou
53393671,13,13102,2019,2,2,1,65,2019/02,chuou
53393671,13,13102,2019,2,2,2,349,2019/02,chuou
53393558,13,13103,2019,2,0,0,38024,2019/02,minato
53393558,13,13103,2019,2,0,1,34446,2019/02,minato
53393558,13,13103,2019,2,0,2,35471,2019/02,minato
53393558,13,13103,2019,2,1,0,57608,2019/02,minato
53393558,13,13103,2019,2,1,1,31145,2019/02,minato
53393558,13,13103,2019,2,1,2,44348,2019/02,minato
53393558,13,13103,2019,2,2,0,51313,2019/02,minato
53393558,13,13103,2019,2,2,1,32206,2019/02,minato
53393558,13,13103,2019,2,2,2,41495,2019/02,minato
53394517,13,13104,2019,2,0,0,15303,2019/02,shinjuku
53394517,13,13104,2019,2,0,1,5930,2019/02,shinjuku
53394517,13,13104,2019,2,0,2,10096,2019/02,shinjuku
53394517,13,13104,2019,2,1,0,28384,2019/02,shinjuku
53394517,13,13104,2019,2,1,1,7382,2019/02,shinjuku
53394517,13,13104,2019,2,1,2,17902,2019/02,shinjuku
53394517,13,13104,2019,2,2,0,24179,2019/02,shinjuku
53394517,13,13104,2019,2,2,1,6915,2019/02,shinjuku
53394517,13,13104,2019,2,2,2,15393,2019/02,shinjuku
53394558,13,13105,2019,2,0,0,20677,2019/02,bunkyo
53394558,13,13105,2019,2,0,1,17781,2019/02,bunkyo
53394558,13,13105,2019,2,0,2,18755,2019/02,bunkyo
53394558,13,13105,2019,2,1,0,28697,2019/02,bunkyo
53394558,13,13105,2019,2,1,1,18309,2019/02,bunkyo
53394558,13,13105,2019,2,1,2,23298,2019/02,bunkyo
53394558,13,13105,2019,2,2,0,26119,2019/02,bunkyo
53394558,13,13105,2019,2,2,1,18139,2019/02,bunkyo
53394558,13,13105,2019,2,2,2,21838,2019/02,bunkyo
53394642,13,13106,2019,2,0,0,36091,2019/02,taito
53394642,13,13106,2019,2,0,1,33336,2019/02,taito
53394642,13,13106,2019,2,0,2,33978,2019/02,taito
53394642,13,13106,2019,2,1,0,77921,2019/02,taito
53394642,13,13106,2019,2,1,1,36223,2019/02,taito
53394642,13,13106,2019,2,1,2,55751,2019/02,taito
53394642,13,13106,2019,2,2,0,64476,2019/02,taito
53394642,13,13106,2019,2,2,1,35295,2019/02,taito
53394642,13,13106,2019,2,2,2,48753,2019/02,taito
53394519,13,13101,2019,3,0,0,14303,2019/03,chiyoda
53394519,13,13101,2019,3,0,1,5935,2019/03,chiyoda
53394519,13,13101,2019,3,0,2,9595,2019/03,chiyoda
53394519,13,13101,2019,3,1,0,69852,2019/03,chiyoda
53394519,13,13101,2019,3,1,1,9666,2019/03,chiyoda
53394519,13,13101,2019,3,1,2,38114,2019/03,chiyoda
53394519,13,13101,2019,3,2,0,50141,2019/03,chiyoda
53394519,13,13101,2019,3,2,1,8342,2019/03,chiyoda
53394519,13,13101,2019,3,2,2,27994,2019/03,chiyoda
53393671,13,13102,2019,3,0,0,630,2019/03,chuou
53393671,13,13102,2019,3,0,1,226,2019/03,chuou
53393671,13,13102,2019,3,0,2,433,2019/03,chuou
53393671,13,13102,2019,3,1,0,934,2019/03,chuou
53393671,13,13102,2019,3,1,1,99,2019/03,chuou
53393671,13,13102,2019,3,1,2,485,2019/03,chuou
53393671,13,13102,2019,3,2,0,826,2019/03,chuou
53393671,13,13102,2019,3,2,1,144,2019/03,chuou
53393671,13,13102,2019,3,2,2,466,2019/03,chuou
53393558,13,13103,2019,3,0,0,38268,2019/03,minato
53393558,13,13103,2019,3,0,1,32248,2019/03,minato
53393558,13,13103,2019,3,0,2,34371,2019/03,minato
53393558,13,13103,2019,3,1,0,55701,2019/03,minato
53393558,13,13103,2019,3,1,1,28840,2019/03,minato
53393558,13,13103,2019,3,1,2,42343,2019/03,minato
53393558,13,13103,2019,3,2,0,49515,2019/03,minato
53393558,13,13103,2019,3,2,1,30049,2019/03,minato
53393558,13,13103,2019,3,2,2,39514,2019/03,minato
53394517,13,13104,2019,3,0,0,17220,2019/03,shinjuku
53394517,13,13104,2019,3,0,1,6104,2019/03,shinjuku
53394517,13,13104,2019,3,0,2,10704,2019/03,shinjuku
53394517,13,13104,2019,3,1,0,28417,2019/03,shinjuku
53394517,13,13104,2019,3,1,1,7242,2019/03,shinjuku
53394517,13,13104,2019,3,1,2,17836,2019/03,shinjuku
53394517,13,13104,2019,3,2,0,24444,2019/03,shinjuku
53394517,13,13104,2019,3,2,1,6838,2019/03,shinjuku
53394517,13,13104,2019,3,2,2,15305,2019/03,shinjuku
53394558,13,13105,2019,3,0,0,21985,2019/03,bunkyo
53394558,13,13105,2019,3,0,1,18693,2019/03,bunkyo
53394558,13,13105,2019,3,0,2,19732,2019/03,bunkyo
53394558,13,13105,2019,3,1,0,28106,2019/03,bunkyo
53394558,13,13105,2019,3,1,1,18866,2019/03,bunkyo
53394558,13,13105,2019,3,1,2,23482,2019/03,bunkyo
53394558,13,13105,2019,3,2,0,25934,2019/03,bunkyo
53394558,13,13105,2019,3,2,1,18804,2019/03,bunkyo
53394558,13,13105,2019,3,2,2,22152,2019/03,bunkyo
53394642,13,13106,2019,3,0,0,35819,2019/03,taito
53394642,13,13106,2019,3,0,1,32766,2019/03,taito
53394642,13,13106,2019,3,0,2,33836,2019/03,taito
53394642,13,13106,2019,3,1,0,77382,2019/03,taito
53394642,13,13106,2019,3,1,1,35204,2019/03,taito
53394642,13,13106,2019,3,1,2,54906,2019/03,taito
53394642,13,13106,2019,3,2,0,62634,2019/03,taito
53394642,13,13106,2019,3,2,1,34339,2019/03,taito
53394642,13,13106,2019,3,2,2,47429,2019/03,taito
53394519,13,13101,2019,4,0,0,14417,2019/04,chiyoda
53394519,13,13101,2019,4,0,1,6053,2019/04,chiyoda
53394519,13,13101,2019,4,0,2,9667,2019/04,chiyoda
53394519,13,13101,2019,4,1,0,70932,2019/04,chiyoda
53394519,13,13101,2019,4,1,1,9786,2019/04,chiyoda
53394519,13,13101,2019,4,1,2,38422,2019/04,chiyoda
53394519,13,13101,2019,4,2,0,52094,2019/04,chiyoda
53394519,13,13101,2019,4,2,1,8541,2019/04,chiyoda
53394519,13,13101,2019,4,2,2,28837,2019/04,chiyoda
53393671,13,13102,2019,4,0,0,1027,2019/04,chuou
53393671,13,13102,2019,4,0,1,132,2019/04,chuou
53393671,13,13102,2019,4,0,2,515,2019/04,chuou
53393671,13,13102,2019,4,1,0,1066,2019/04,chuou
53393671,13,13102,2019,4,1,1,162,2019/04,chuou
53393671,13,13102,2019,4,1,2,570,2019/04,chuou
53393671,13,13102,2019,4,2,0,1053,2019/04,chuou
53393671,13,13102,2019,4,2,1,152,2019/04,chuou
53393671,13,13102,2019,4,2,2,551,2019/04,chuou
53393558,13,13103,2019,4,0,0,35210,2019/04,minato
53393558,13,13103,2019,4,0,1,29972,2019/04,minato
53393558,13,13103,2019,4,0,2,32035,2019/04,minato
53393558,13,13103,2019,4,1,0,55715,2019/04,minato
53393558,13,13103,2019,4,1,1,27869,2019/04,minato
53393558,13,13103,2019,4,1,2,41899,2019/04,minato
53393558,13,13103,2019,4,2,0,48880,2019/04,minato
53393558,13,13103,2019,4,2,1,28570,2019/04,minato
53393558,13,13103,2019,4,2,2,38611,2019/04,minato
53394517,13,13104,2019,4,0,0,19060,2019/04,shinjuku
53394517,13,13104,2019,4,0,1,6442,2019/04,shinjuku
53394517,13,13104,2019,4,0,2,12398,2019/04,shinjuku
53394517,13,13104,2019,4,1,0,29889,2019/04,shinjuku
53394517,13,13104,2019,4,1,1,7692,2019/04,shinjuku
53394517,13,13104,2019,4,1,2,19398,2019/04,shinjuku
53394517,13,13104,2019,4,2,0,26279,2019/04,shinjuku
53394517,13,13104,2019,4,2,1,7275,2019/04,shinjuku
53394517,13,13104,2019,4,2,2,17065,2019/04,shinjuku
53394558,13,13105,2019,4,0,0,20494,2019/04,bunkyo
53394558,13,13105,2019,4,0,1,18485,2019/04,bunkyo
53394558,13,13105,2019,4,0,2,19001,2019/04,bunkyo
53394558,13,13105,2019,4,1,0,30363,2019/04,bunkyo
53394558,13,13105,2019,4,1,1,19794,2019/04,bunkyo
53394558,13,13105,2019,4,1,2,24716,2019/04,bunkyo
53394558,13,13105,2019,4,2,0,27073,2019/04,bunkyo
53394558,13,13105,2019,4,2,1,19357,2019/04,bunkyo
53394558,13,13105,2019,4,2,2,22811,2019/04,bunkyo
53394642,13,13106,2019,4,0,0,35069,2019/04,taito
53394642,13,13106,2019,4,0,1,32858,2019/04,taito
53394642,13,13106,2019,4,0,2,33546,2019/04,taito
53394642,13,13106,2019,4,1,0,80984,2019/04,taito
53394642,13,13106,2019,4,1,1,37718,2019/04,taito
53394642,13,13106,2019,4,1,2,57548,2019/04,taito
53394642,13,13106,2019,4,2,0,65679,2019/04,taito
53394642,13,13106,2019,4,2,1,36098,2019/04,taito
53394642,13,13106,2019,4,2,2,49547,2019/04,taito
53394519,13,13101,2019,5,0,0,13405,2019/05,chiyoda
53394519,13,13101,2019,5,0,1,5611,2019/05,chiyoda
53394519,13,13101,2019,5,0,2,9006,2019/05,chiyoda
53394519,13,13101,2019,5,1,0,71017,2019/05,chiyoda
53394519,13,13101,2019,5,1,1,9974,2019/05,chiyoda
53394519,13,13101,2019,5,1,2,38180,2019/05,chiyoda
53394519,13,13101,2019,5,2,0,48716,2019/05,chiyoda
53394519,13,13101,2019,5,2,1,8285,2019/05,chiyoda
53394519,13,13101,2019,5,2,2,26887,2019/05,chiyoda
53393671,13,13102,2019,5,0,0,1137,2019/05,chuou
53393671,13,13102,2019,5,0,1,284,2019/05,chuou
53393671,13,13102,2019,5,0,2,621,2019/05,chuou
53393671,13,13102,2019,5,1,0,955,2019/05,chuou
53393671,13,13102,2019,5,1,1,115,2019/05,chuou
53393671,13,13102,2019,5,1,2,493,2019/05,chuou
53393671,13,13102,2019,5,2,0,1026,2019/05,chuou
53393671,13,13102,2019,5,2,1,180,2019/05,chuou
53393671,13,13102,2019,5,2,2,542,2019/05,chuou
53393558,13,13103,2019,5,0,0,35792,2019/05,minato
53393558,13,13103,2019,5,0,1,29281,2019/05,minato
53393558,13,13103,2019,5,0,2,31491,2019/05,minato
53393558,13,13103,2019,5,1,0,56817,2019/05,minato
53393558,13,13103,2019,5,1,1,28444,2019/05,minato
53393558,13,13103,2019,5,1,2,42482,2019/05,minato
53393558,13,13103,2019,5,2,0,48679,2019/05,minato
53393558,13,13103,2019,5,2,1,28768,2019/05,minato
53393558,13,13103,2019,5,2,2,38227,2019/05,minato
53394517,13,13104,2019,5,0,0,16501,2019/05,shinjuku
53394517,13,13104,2019,5,0,1,6317,2019/05,shinjuku
53394517,13,13104,2019,5,0,2,11235,2019/05,shinjuku
53394517,13,13104,2019,5,1,0,29570,2019/05,shinjuku
53394517,13,13104,2019,5,1,1,7131,2019/05,shinjuku
53394517,13,13104,2019,5,1,2,19142,2019/05,shinjuku
53394517,13,13104,2019,5,2,0,24511,2019/05,shinjuku
53394517,13,13104,2019,5,2,1,6816,2019/05,shinjuku
53394517,13,13104,2019,5,2,2,16081,2019/05,shinjuku
53394558,13,13105,2019,5,0,0,19386,2019/05,bunkyo
53394558,13,13105,2019,5,0,1,17913,2019/05,bunkyo
53394558,13,13105,2019,5,0,2,18401,2019/05,bunkyo
53394558,13,13105,2019,5,1,0,29426,2019/05,bunkyo
53394558,13,13105,2019,5,1,1,19682,2019/05,bunkyo
53394558,13,13105,2019,5,1,2,24376,2019/05,bunkyo
53394558,13,13105,2019,5,2,0,25540,2019/05,bunkyo
53394558,13,13105,2019,5,2,1,18997,2019/05,bunkyo
53394558,13,13105,2019,5,2,2,22063,2019/05,bunkyo
53394642,13,13106,2019,5,0,0,33418,2019/05,taito
53394642,13,13106,2019,5,0,1,30783,2019/05,taito
53394642,13,13106,2019,5,0,2,31792,2019/05,taito
53394642,13,13106,2019,5,1,0,81112,2019/05,taito
53394642,13,13106,2019,5,1,1,35520,2019/05,taito
53394642,13,13106,2019,5,1,2,56441,2019/05,taito
53394642,13,13106,2019,5,2,0,62650,2019/05,taito
53394642,13,13106,2019,5,2,1,33686,2019/05,taito
53394642,13,13106,2019,5,2,2,46899,2019/05,taito
53394519,13,13101,2019,6,0,0,14091,2019/06,chiyoda
53394519,13,13101,2019,6,0,1,5681,2019/06,chiyoda
53394519,13,13101,2019,6,0,2,9130,2019/06,chiyoda
53394519,13,13101,2019,6,1,0,68808,2019/06,chiyoda
53394519,13,13101,2019,6,1,1,9570,2019/06,chiyoda
53394519,13,13101,2019,6,1,2,37139,2019/06,chiyoda
53394519,13,13101,2019,6,2,0,50569,2019/06,chiyoda
53394519,13,13101,2019,6,2,1,8273,2019/06,chiyoda
53394519,13,13101,2019,6,2,2,27802,2019/06,chiyoda
53393671,13,13102,2019,6,0,0,693,2019/06,chuou
53393671,13,13102,2019,6,0,1,260,2019/06,chuou
53393671,13,13102,2019,6,0,2,449,2019/06,chuou
53393671,13,13102,2019,6,1,0,813,2019/06,chuou
53393671,13,13102,2019,6,1,1,169,2019/06,chuou
53393671,13,13102,2019,6,1,2,446,2019/06,chuou
53393671,13,13102,2019,6,2,0,773,2019/06,chuou
53393671,13,13102,2019,6,2,1,199,2019/06,chuou
53393671,13,13102,2019,6,2,2,447,2019/06,chuou
53393558,13,13103,2019,6,0,0,39981,2019/06,minato
53393558,13,13103,2019,6,0,1,32033,2019/06,minato
53393558,13,13103,2019,6,0,2,34363,2019/06,minato
53393558,13,13103,2019,6,1,0,56287,2019/06,minato
53393558,13,13103,2019,6,1,1,28646,2019/06,minato
53393558,13,13103,2019,6,1,2,42552,2019/06,minato
53393558,13,13103,2019,6,2,0,50852,2019/06,minato
53393558,13,13103,2019,6,2,1,29775,2019/06,minato
53393558,13,13103,2019,6,2,2,39822,2019/06,minato
53394517,13,13104,2019,6,0,0,17416,2019/06,shinjuku
53394517,13,13104,2019,6,0,1,6447,2019/06,shinjuku
53394517,13,13104,2019,6,0,2,11164,2019/06,shinjuku
53394517,13,13104,2019,6,1,0,28662,2019/06,shinjuku
53394517,13,13104,2019,6,1,1,7549,2019/06,shinjuku
53394517,13,13104,2019,6,1,2,18821,2019/06,shinjuku
53394517,13,13104,2019,6,2,0,24914,2019/06,shinjuku
53394517,13,13104,2019,6,2,1,7182,2019/06,shinjuku
53394517,13,13104,2019,6,2,2,16268,2019/06,shinjuku
53394558,13,13105,2019,6,0,0,20693,2019/06,bunkyo
53394558,13,13105,2019,6,0,1,18430,2019/06,bunkyo
53394558,13,13105,2019,6,0,2,19062,2019/06,bunkyo
53394558,13,13105,2019,6,1,0,28175,2019/06,bunkyo
53394558,13,13105,2019,6,1,1,19102,2019/06,bunkyo
53394558,13,13105,2019,6,1,2,23555,2019/06,bunkyo
53394558,13,13105,2019,6,2,0,25681,2019/06,bunkyo
53394558,13,13105,2019,6,2,1,18878,2019/06,bunkyo
53394558,13,13105,2019,6,2,2,22058,2019/06,bunkyo
53394642,13,13106,2019,6,0,0,35718,2019/06,taito
53394642,13,13106,2019,6,0,1,32541,2019/06,taito
53394642,13,13106,2019,6,0,2,33492,2019/06,taito
53394642,13,13106,2019,6,1,0,78906,2019/06,taito
53394642,13,13106,2019,6,1,1,34292,2019/06,taito
53394642,13,13106,2019,6,1,2,54848,2019/06,taito
53394642,13,13106,2019,6,2,0,64510,2019/06,taito
53394642,13,13106,2019,6,2,1,33708,2019/06,taito
53394642,13,13106,2019,6,2,2,47729,2019/06,taito
53394519,13,13101,2019,7,0,0,14142,2019/07,chiyoda
53394519,13,13101,2019,7,0,1,5609,2019/07,chiyoda
53394519,13,13101,2019,7,0,2,9312,2019/07,chiyoda
53394519,13,13101,2019,7,1,0,65052,2019/07,chiyoda
53394519,13,13101,2019,7,1,1,8776,2019/07,chiyoda
53394519,13,13101,2019,7,1,2,35080,2019/07,chiyoda
53394519,13,13101,2019,7,2,0,50272,2019/07,chiyoda
53394519,13,13101,2019,7,2,1,7857,2019/07,chiyoda
53394519,13,13101,2019,7,2,2,27599,2019/07,chiyoda
53393671,13,13102,2019,7,0,0,593,2019/07,chuou
53393671,13,13102,2019,7,0,1,160,2019/07,chuou
53393671,13,13102,2019,7,0,2,367,2019/07,chuou
53393671,13,13102,2019,7,1,0,1038,2019/07,chuou
53393671,13,13102,2019,7,1,1,276,2019/07,chuou
53393671,13,13102,2019,7,1,2,623,2019/07,chuou
53393671,13,13102,2019,7,2,0,909,2019/07,chuou
53393671,13,13102,2019,7,2,1,242,2019/07,chuou
53393671,13,13102,2019,7,2,2,549,2019/07,chuou
53393558,13,13103,2019,7,0,0,38037,2019/07,minato
53393558,13,13103,2019,7,0,1,32680,2019/07,minato
53393558,13,13103,2019,7,0,2,33982,2019/07,minato
53393558,13,13103,2019,7,1,0,58768,2019/07,minato
53393558,13,13103,2019,7,1,1,30216,2019/07,minato
53393558,13,13103,2019,7,1,2,44130,2019/07,minato
53393558,13,13103,2019,7,2,0,52749,2019/07,minato
53393558,13,13103,2019,7,2,1,30932,2019/07,minato
53393558,13,13103,2019,7,2,2,41184,2019/07,minato
53394517,13,13104,2019,7,0,0,15390,2019/07,shinjuku
53394517,13,13104,2019,7,0,1,6401,2019/07,shinjuku
53394517,13,13104,2019,7,0,2,10915,2019/07,shinjuku
53394517,13,13104,2019,7,1,0,28044,2019/07,shinjuku
53394517,13,13104,2019,7,1,1,7247,2019/07,shinjuku
53394517,13,13104,2019,7,1,2,18431,2019/07,shinjuku
53394517,13,13104,2019,7,2,0,24371,2019/07,shinjuku
53394517,13,13104,2019,7,2,1,7001,2019/07,shinjuku
53394517,13,13104,2019,7,2,2,16249,2019/07,shinjuku
53394558,13,13105,2019,7,0,0,20340,2019/07,bunkyo
53394558,13,13105,2019,7,0,1,18463,2019/07,bunkyo
53394558,13,13105,2019,7,0,2,18874,2019/07,bunkyo
53394558,13,13105,2019,7,1,0,28399,2019/07,bunkyo
53394558,13,13105,2019,7,1,1,18615,2019/07,bunkyo
53394558,13,13105,2019,7,1,2,23456,2019/07,bunkyo
53394558,13,13105,2019,7,2,0,26059,2019/07,bunkyo
53394558,13,13105,2019,7,2,1,18571,2019/07,bunkyo
53394558,13,13105,2019,7,2,2,22126,2019/07,bunkyo
53394642,13,13106,2019,7,0,0,33917,2019/07,taito
53394642,13,13106,2019,7,0,1,31360,2019/07,taito
53394642,13,13106,2019,7,0,2,32122,2019/07,taito
53394642,13,13106,2019,7,1,0,77820,2019/07,taito
53394642,13,13106,2019,7,1,1,34238,2019/07,taito
53394642,13,13106,2019,7,1,2,54388,2019/07,taito
53394642,13,13106,2019,7,2,0,65074,2019/07,taito
53394642,13,13106,2019,7,2,1,33402,2019/07,taito
53394642,13,13106,2019,7,2,2,47924,2019/07,taito
53394519,13,13101,2019,8,0,0,13457,2019/08,chiyoda
53394519,13,13101,2019,8,0,1,5610,2019/08,chiyoda
53394519,13,13101,2019,8,0,2,9019,2019/08,chiyoda
53394519,13,13101,2019,8,1,0,62244,2019/08,chiyoda
53394519,13,13101,2019,8,1,1,8828,2019/08,chiyoda
53394519,13,13101,2019,8,1,2,33468,2019/08,chiyoda
53394519,13,13101,2019,8,2,0,46506,2019/08,chiyoda
53394519,13,13101,2019,8,2,1,7790,2019/08,chiyoda
53394519,13,13101,2019,8,2,2,25581,2019/08,chiyoda
53393671,13,13102,2019,8,0,0,573,2019/08,chuou
53393671,13,13102,2019,8,0,1,234,2019/08,chuou
53393671,13,13102,2019,8,0,2,397,2019/08,chuou
53393671,13,13102,2019,8,1,0,894,2019/08,chuou
53393671,13,13102,2019,8,1,1,194,2019/08,chuou
53393671,13,13102,2019,8,1,2,510,2019/08,chuou
53393671,13,13102,2019,8,2,0,791,2019/08,chuou
53393671,13,13102,2019,8,2,1,207,2019/08,chuou
53393671,13,13102,2019,8,2,2,473,2019/08,chuou
53393558,13,13103,2019,8,0,0,34750,2019/08,minato
53393558,13,13103,2019,8,0,1,30996,2019/08,minato
53393558,13,13103,2019,8,0,2,31955,2019/08,minato
53393558,13,13103,2019,8,1,0,53861,2019/08,minato
53393558,13,13103,2019,8,1,1,29805,2019/08,minato
53393558,13,13103,2019,8,1,2,41549,2019/08,minato
53393558,13,13103,2019,8,2,0,47696,2019/08,minato
53393558,13,13103,2019,8,2,1,30189,2019/08,minato
53393558,13,13103,2019,8,2,2,38454,2019/08,minato
53394517,13,13104,2019,8,0,0,15605,2019/08,shinjuku
53394517,13,13104,2019,8,0,1,6503,2019/08,shinjuku
53394517,13,13104,2019,8,0,2,12867,2019/08,shinjuku
53394517,13,13104,2019,8,1,0,27364,2019/08,shinjuku
53394517,13,13104,2019,8,1,1,7558,2019/08,shinjuku
53394517,13,13104,2019,8,1,2,18526,2019/08,shinjuku
53394517,13,13104,2019,8,2,0,23571,2019/08,shinjuku
53394517,13,13104,2019,8,2,1,7218,2019/08,shinjuku
53394517,13,13104,2019,8,2,2,16700,2019/08,shinjuku
53394558,13,13105,2019,8,0,0,18954,2019/08,bunkyo
53394558,13,13105,2019,8,0,1,17802,2019/08,bunkyo
53394558,13,13105,2019,8,0,2,18025,2019/08,bunkyo
53394558,13,13105,2019,8,1,0,25425,2019/08,bunkyo
53394558,13,13105,2019,8,1,1,18206,2019/08,bunkyo
53394558,13,13105,2019,8,1,2,21818,2019/08,bunkyo
53394558,13,13105,2019,8,2,0,23338,2019/08,bunkyo
53394558,13,13105,2019,8,2,1,18076,2019/08,bunkyo
53394558,13,13105,2019,8,2,2,20595,2019/08,bunkyo
53394642,13,13106,2019,8,0,0,32181,2019/08,taito
53394642,13,13106,2019,8,0,1,30729,2019/08,taito
53394642,13,13106,2019,8,0,2,30966,2019/08,taito
53394642,13,13106,2019,8,1,0,71520,2019/08,taito
53394642,13,13106,2019,8,1,1,34128,2019/08,taito
53394642,13,13106,2019,8,1,2,51309,2019/08,taito
53394642,13,13106,2019,8,2,0,58830,2019/08,taito
53394642,13,13106,2019,8,2,1,33032,2019/08,taito
53394642,13,13106,2019,8,2,2,44746,2019/08,taito
53394519,13,13101,2019,9,0,0,13891,2019/09,chiyoda
53394519,13,13101,2019,9,0,1,6033,2019/09,chiyoda
53394519,13,13101,2019,9,0,2,9431,2019/09,chiyoda
53394519,13,13101,2019,9,1,0,65450,2019/09,chiyoda
53394519,13,13101,2019,9,1,1,8727,2019/09,chiyoda
53394519,13,13101,2019,9,1,2,35279,2019/09,chiyoda
53394519,13,13101,2019,9,2,0,46545,2019/09,chiyoda
53394519,13,13101,2019,9,2,1,7739,2019/09,chiyoda
53394519,13,13101,2019,9,2,2,25801,2019/09,chiyoda
53393671,13,13102,2019,9,0,0,499,2019/09,chuou
53393671,13,13102,2019,9,0,1,172,2019/09,chuou
53393671,13,13102,2019,9,0,2,341,2019/09,chuou
53393671,13,13102,2019,9,1,0,975,2019/09,chuou
53393671,13,13102,2019,9,1,1,226,2019/09,chuou
53393671,13,13102,2019,9,1,2,606,2019/09,chuou
53393671,13,13102,2019,9,2,0,800,2019/09,chuou
53393671,13,13102,2019,9,2,1,206,2019/09,chuou
53393671,13,13102,2019,9,2,2,509,2019/09,chuou
53393558,13,13103,2019,9,0,0,35657,2019/09,minato
53393558,13,13103,2019,9,0,1,30413,2019/09,minato
53393558,13,13103,2019,9,0,2,32134,2019/09,minato
53393558,13,13103,2019,9,1,0,54713,2019/09,minato
53393558,13,13103,2019,9,1,1,27955,2019/09,minato
53393558,13,13103,2019,9,1,2,41282,2019/09,minato
53393558,13,13103,2019,9,2,0,47726,2019/09,minato
53393558,13,13103,2019,9,2,1,28856,2019/09,minato
53393558,13,13103,2019,9,2,2,37928,2019/09,minato
53394517,13,13104,2019,9,0,0,17736,2019/09,shinjuku
53394517,13,13104,2019,9,0,1,6463,2019/09,shinjuku
53394517,13,13104,2019,9,0,2,12418,2019/09,shinjuku
53394517,13,13104,2019,9,1,0,28003,2019/09,shinjuku
53394517,13,13104,2019,9,1,1,7410,2019/09,shinjuku
53394517,13,13104,2019,9,1,2,18259,2019/09,shinjuku
53394517,13,13104,2019,9,2,0,24239,2019/09,shinjuku
53394517,13,13104,2019,9,2,1,7062,2019/09,shinjuku
53394517,13,13104,2019,9,2,2,16117,2019/09,shinjuku
53394558,13,13105,2019,9,0,0,20650,2019/09,bunkyo
53394558,13,13105,2019,9,0,1,18153,2019/09,bunkyo
53394558,13,13105,2019,9,0,2,19012,2019/09,bunkyo
53394558,13,13105,2019,9,1,0,28071,2019/09,bunkyo
53394558,13,13105,2019,9,1,1,18491,2019/09,bunkyo
53394558,13,13105,2019,9,1,2,23166,2019/09,bunkyo
53394558,13,13105,2019,9,2,0,25350,2019/09,bunkyo
53394558,13,13105,2019,9,2,1,18367,2019/09,bunkyo
53394558,13,13105,2019,9,2,2,21643,2019/09,bunkyo
53394642,13,13106,2019,9,0,0,33753,2019/09,taito
53394642,13,13106,2019,9,0,1,30922,2019/09,taito
53394642,13,13106,2019,9,0,2,31936,2019/09,taito
53394642,13,13106,2019,9,1,0,78942,2019/09,taito
53394642,13,13106,2019,9,1,1,34198,2019/09,taito
53394642,13,13106,2019,9,1,2,54865,2019/09,taito
53394642,13,13106,2019,9,2,0,62373,2019/09,taito
53394642,13,13106,2019,9,2,1,32997,2019/09,taito
53394642,13,13106,2019,9,2,2,46458,2019/09,taito
53394519,13,13101,2019,10,0,0,12996,2019/10,chiyoda
53394519,13,13101,2019,10,0,1,5749,2019/10,chiyoda
53394519,13,13101,2019,10,0,2,8811,2019/10,chiyoda
53394519,13,13101,2019,10,1,0,70177,2019/10,chiyoda
53394519,13,13101,2019,10,1,1,9993,2019/10,chiyoda
53394519,13,13101,2019,10,1,2,37871,2019/10,chiyoda
53394519,13,13101,2019,10,2,0,51731,2019/10,chiyoda
53394519,13,13101,2019,10,2,1,8624,2019/10,chiyoda
53394519,13,13101,2019,10,2,2,28497,2019/10,chiyoda
53393671,13,13102,2019,10,0,0,394,2019/10,chuou
53393671,13,13102,2019,10,0,1,125,2019/10,chuou
53393671,13,13102,2019,10,0,2,238,2019/10,chuou
53393671,13,13102,2019,10,1,0,706,2019/10,chuou
53393671,13,13102,2019,10,1,1,131,2019/10,chuou
53393671,13,13102,2019,10,1,2,425,2019/10,chuou
53393671,13,13102,2019,10,2,0,606,2019/10,chuou
53393671,13,13102,2019,10,2,1,129,2019/10,chuou
53393671,13,13102,2019,10,2,2,365,2019/10,chuou
53393558,13,13103,2019,10,0,0,33933,2019/10,minato
53393558,13,13103,2019,10,0,1,27336,2019/10,minato
53393558,13,13103,2019,10,0,2,29541,2019/10,minato
53393558,13,13103,2019,10,1,0,55313,2019/10,minato
53393558,13,13103,2019,10,1,1,27444,2019/10,minato
53393558,13,13103,2019,10,1,2,41118,2019/10,minato
53393558,13,13103,2019,10,2,0,48416,2019/10,minato
53393558,13,13103,2019,10,2,1,27409,2019/10,minato
53393558,13,13103,2019,10,2,2,37383,2019/10,minato
53394517,13,13104,2019,10,0,0,14371,2019/10,shinjuku
53394517,13,13104,2019,10,0,1,6361,2019/10,shinjuku
53394517,13,13104,2019,10,0,2,9869,2019/10,shinjuku
53394517,13,13104,2019,10,1,0,27750,2019/10,shinjuku
53394517,13,13104,2019,10,1,1,7793,2019/10,shinjuku
53394517,13,13104,2019,10,1,2,17764,2019/10,shinjuku
53394517,13,13104,2019,10,2,0,23434,2019/10,shinjuku
53394517,13,13104,2019,10,2,1,7331,2019/10,shinjuku
53394517,13,13104,2019,10,2,2,15217,2019/10,shinjuku
53394558,13,13105,2019,10,0,0,20540,2019/10,bunkyo
53394558,13,13105,2019,10,0,1,18446,2019/10,bunkyo
53394558,13,13105,2019,10,0,2,19379,2019/10,bunkyo
53394558,13,13105,2019,10,1,0,28984,2019/10,bunkyo
53394558,13,13105,2019,10,1,1,19073,2019/10,bunkyo
53394558,13,13105,2019,10,1,2,23984,2019/10,bunkyo
53394558,13,13105,2019,10,2,0,26260,2019/10,bunkyo
53394558,13,13105,2019,10,2,1,18871,2019/10,bunkyo
53394558,13,13105,2019,10,2,2,22498,2019/10,bunkyo
53394642,13,13106,2019,10,0,0,32536,2019/10,taito
53394642,13,13106,2019,10,0,1,31654,2019/10,taito
53394642,13,13106,2019,10,0,2,31835,2019/10,taito
53394642,13,13106,2019,10,1,0,79062,2019/10,taito
53394642,13,13106,2019,10,1,1,35189,2019/10,taito
53394642,13,13106,2019,10,1,2,55380,2019/10,taito
53394642,13,13106,2019,10,2,0,64054,2019/10,taito
53394642,13,13106,2019,10,2,1,34049,2019/10,taito
53394642,13,13106,2019,10,2,2,47785,2019/10,taito
53394519,13,13101,2019,11,0,0,18470,2019/11,chiyoda
53394519,13,13101,2019,11,0,1,7002,2019/11,chiyoda
53394519,13,13101,2019,11,0,2,11200,2019/11,chiyoda
53394519,13,13101,2019,11,1,0,72150,2019/11,chiyoda
53394519,13,13101,2019,11,1,1,11347,2019/11,chiyoda
53394519,13,13101,2019,11,1,2,39108,2019/11,chiyoda
53394519,13,13101,2019,11,2,0,54257,2019/11,chiyoda
53394519,13,13101,2019,11,2,1,9899,2019/11,chiyoda
53394519,13,13101,2019,11,2,2,29805,2019/11,chiyoda
53393671,13,13102,2019,11,0,0,439,2019/11,chuou
53393671,13,13102,2019,11,0,1,114,2019/11,chuou
53393671,13,13102,2019,11,0,2,270,2019/11,chuou
53393671,13,13102,2019,11,1,0,465,2019/11,chuou
53393671,13,13102,2019,11,1,1,67,2019/11,chuou
53393671,13,13102,2019,11,1,2,266,2019/11,chuou
53393671,13,13102,2019,11,2,0,456,2019/11,chuou
53393671,13,13102,2019,11,2,1,83,2019/11,chuou
53393671,13,13102,2019,11,2,2,267,2019/11,chuou
53393558,13,13103,2019,11,0,0,37291,2019/11,minato
53393558,13,13103,2019,11,0,1,30253,2019/11,minato
53393558,13,13103,2019,11,0,2,32687,2019/11,minato
53393558,13,13103,2019,11,1,0,56199,2019/11,minato
53393558,13,13103,2019,11,1,1,29018,2019/11,minato
53393558,13,13103,2019,11,1,2,42316,2019/11,minato
53393558,13,13103,2019,11,2,0,49896,2019/11,minato
53393558,13,13103,2019,11,2,1,29430,2019/11,minato
53393558,13,13103,2019,11,2,2,39106,2019/11,minato
53394517,13,13104,2019,11,0,0,22190,2019/11,shinjuku
53394517,13,13104,2019,11,0,1,7873,2019/11,shinjuku
53394517,13,13104,2019,11,0,2,13305,2019/11,shinjuku
53394517,13,13104,2019,11,1,0,28400,2019/11,shinjuku
53394517,13,13104,2019,11,1,1,8695,2019/11,shinjuku
53394517,13,13104,2019,11,1,2,18305,2019/11,shinjuku
53394517,13,13104,2019,11,2,0,26330,2019/11,shinjuku
53394517,13,13104,2019,11,2,1,8421,2019/11,shinjuku
53394517,13,13104,2019,11,2,2,16638,2019/11,shinjuku
53394558,13,13105,2019,11,0,0,21180,2019/11,bunkyo
53394558,13,13105,2019,11,0,1,18222,2019/11,bunkyo
53394558,13,13105,2019,11,0,2,19528,2019/11,bunkyo
53394558,13,13105,2019,11,1,0,29590,2019/11,bunkyo
53394558,13,13105,2019,11,1,1,18835,2019/11,bunkyo
53394558,13,13105,2019,11,1,2,24235,2019/11,bunkyo
53394558,13,13105,2019,11,2,0,26787,2019/11,bunkyo
53394558,13,13105,2019,11,2,1,18631,2019/11,bunkyo
53394558,13,13105,2019,11,2,2,22666,2019/11,bunkyo
53394642,13,13106,2019,11,0,0,32560,2019/11,taito
53394642,13,13106,2019,11,0,1,31740,2019/11,taito
53394642,13,13106,2019,11,0,2,31880,2019/11,taito
53394642,13,13106,2019,11,1,0,78781,2019/11,taito
53394642,13,13106,2019,11,1,1,35252,2019/11,taito
53394642,13,13106,2019,11,1,2,55101,2019/11,taito
53394642,13,13106,2019,11,2,0,63374,2019/11,taito
53394642,13,13106,2019,11,2,1,34081,2019/11,taito
53394642,13,13106,2019,11,2,2,47361,2019/11,taito
53394519,13,13101,2019,12,0,0,13937,2019/12,chiyoda
53394519,13,13101,2019,12,0,1,6619,2019/12,chiyoda
53394519,13,13101,2019,12,0,2,9704,2019/12,chiyoda
53394519,13,13101,2019,12,1,0,62572,2019/12,chiyoda
53394519,13,13101,2019,12,1,1,10224,2019/12,chiyoda
53394519,13,13101,2019,12,1,2,34534,2019/12,chiyoda
53394519,13,13101,2019,12,2,0,48452,2019/12,chiyoda
53394519,13,13101,2019,12,2,1,9177,2019/12,chiyoda
53394519,13,13101,2019,12,2,2,27325,2019/12,chiyoda
53393671,13,13102,2019,12,0,0,202,2019/12,chuou
53393671,13,13102,2019,12,0,1,122,2019/12,chuou
53393671,13,13102,2019,12,0,2,172,2019/12,chuou
53393671,13,13102,2019,12,1,0,303,2019/12,chuou
53393671,13,13102,2019,12,1,1,132,2019/12,chuou
53393671,13,13102,2019,12,1,2,221,2019/12,chuou
53393671,13,13102,2019,12,2,0,273,2019/12,chuou
53393671,13,13102,2019,12,2,1,129,2019/12,chuou
53393671,13,13102,2019,12,2,2,207,2019/12,chuou
53393558,13,13103,2019,12,0,0,37395,2019/12,minato
53393558,13,13103,2019,12,0,1,32280,2019/12,minato
53393558,13,13103,2019,12,0,2,33846,2019/12,minato
53393558,13,13103,2019,12,1,0,53860,2019/12,minato
53393558,13,13103,2019,12,1,1,30405,2019/12,minato
53393558,13,13103,2019,12,1,2,42162,2019/12,minato
53393558,13,13103,2019,12,2,0,49080,2019/12,minato
53393558,13,13103,2019,12,2,1,30949,2019/12,minato
53393558,13,13103,2019,12,2,2,39748,2019/12,minato
53394517,13,13104,2019,12,0,0,19843,2019/12,shinjuku
53394517,13,13104,2019,12,0,1,7821,2019/12,shinjuku
53394517,13,13104,2019,12,0,2,14505,2019/12,shinjuku
53394517,13,13104,2019,12,1,0,26984,2019/12,shinjuku
53394517,13,13104,2019,12,1,1,8767,2019/12,shinjuku
53394517,13,13104,2019,12,1,2,17511,2019/12,shinjuku
53394517,13,13104,2019,12,2,0,24911,2019/12,shinjuku
53394517,13,13104,2019,12,2,1,8492,2019/12,shinjuku
53394517,13,13104,2019,12,2,2,16638,2019/12,shinjuku
53394558,13,13105,2019,12,0,0,20939,2019/12,bunkyo
53394558,13,13105,2019,12,0,1,19590,2019/12,bunkyo
53394558,13,13105,2019,12,0,2,20184,2019/12,bunkyo
53394558,13,13105,2019,12,1,0,28295,2019/12,bunkyo
53394558,13,13105,2019,12,1,1,20385,2019/12,bunkyo
53394558,13,13105,2019,12,1,2,24416,2019/12,bunkyo
53394558,13,13105,2019,12,2,0,26160,2019/12,bunkyo
53394558,13,13105,2019,12,2,1,20154,2019/12,bunkyo
53394558,13,13105,2019,12,2,2,23188,2019/12,bunkyo
53394642,13,13106,2019,12,0,0,34582,2019/12,taito
53394642,13,13106,2019,12,0,1,31941,2019/12,taito
53394642,13,13106,2019,12,0,2,32789,2019/12,taito
53394642,13,13106,2019,12,1,0,76639,2019/12,taito
53394642,13,13106,2019,12,1,1,35891,2019/12,taito
53394642,13,13106,2019,12,1,2,54312,2019/12,taito
53394642,13,13106,2019,12,2,0,64429,2019/12,taito
53394642,13,13106,2019,12,2,1,34744,2019/12,taito
53394642,13,13106,2019,12,2,2,48063,2019/12,taito
53394519,13,13101,2020,1,0,0,12406,2020/01,chiyoda
53394519,13,13101,2020,1,0,1,5345,2020/01,chiyoda
53394519,13,13101,2020,1,0,2,8259,2020/01,chiyoda
53394519,13,13101,2020,1,1,0,61345,2020/01,chiyoda
53394519,13,13101,2020,1,1,1,9523,2020/01,chiyoda
53394519,13,13101,2020,1,1,2,33593,2020/01,chiyoda
53394519,13,13101,2020,1,2,0,45558,2020/01,chiyoda
53394519,13,13101,2020,1,2,1,8176,2020/01,chiyoda
53394519,13,13101,2020,1,2,2,25421,2020/01,chiyoda
53393671,13,13102,2020,1,0,0,201,2020/01,chuou
53393671,13,13102,2020,1,0,1,85,2020/01,chuou
53393671,13,13102,2020,1,0,2,146,2020/01,chuou
53393671,13,13102,2020,1,1,0,289,2020/01,chuou
53393671,13,13102,2020,1,1,1,85,2020/01,chuou
53393671,13,13102,2020,1,1,2,175,2020/01,chuou
53393671,13,13102,2020,1,2,0,260,2020/01,chuou
53393671,13,13102,2020,1,2,1,85,2020/01,chuou
53393671,13,13102,2020,1,2,2,165,2020/01,chuou
53393558,13,13103,2020,1,0,0,31568,2020/01,minato
53393558,13,13103,2020,1,0,1,27752,2020/01,minato
53393558,13,13103,2020,1,0,2,28614,2020/01,minato
53393558,13,13103,2020,1,1,0,52405,2020/01,minato
53393558,13,13103,2020,1,1,1,27860,2020/01,minato
53393558,13,13103,2020,1,1,2,39725,2020/01,minato
53393558,13,13103,2020,1,2,0,45684,2020/01,minato
53393558,13,13103,2020,1,2,1,27825,2020/01,minato
53393558,13,13103,2020,1,2,2,36141,2020/01,minato
53394517,13,13104,2020,1,0,0,33291,2020/01,shinjuku
53394517,13,13104,2020,1,0,1,8173,2020/01,shinjuku
53394517,13,13104,2020,1,0,2,16792,2020/01,shinjuku
53394517,13,13104,2020,1,1,0,25275,2020/01,shinjuku
53394517,13,13104,2020,1,1,1,8064,2020/01,shinjuku
53394517,13,13104,2020,1,1,2,16425,2020/01,shinjuku
53394517,13,13104,2020,1,2,0,27861,2020/01,shinjuku
53394517,13,13104,2020,1,2,1,8099,2020/01,shinjuku
53394517,13,13104,2020,1,2,2,16544,2020/01,shinjuku
53394558,13,13105,2020,1,0,0,18574,2020/01,bunkyo
53394558,13,13105,2020,1,0,1,17694,2020/01,bunkyo
53394558,13,13105,2020,1,0,2,18081,2020/01,bunkyo
53394558,13,13105,2020,1,1,0,27327,2020/01,bunkyo
53394558,13,13105,2020,1,1,1,19526,2020/01,bunkyo
53394558,13,13105,2020,1,1,2,23335,2020/01,bunkyo
53394558,13,13105,2020,1,2,0,24504,2020/01,bunkyo
53394558,13,13105,2020,1,2,1,18935,2020/01,bunkyo
53394558,13,13105,2020,1,2,2,21640,2020/01,bunkyo
53394642,13,13106,2020,1,0,0,31208,2020/01,taito
53394642,13,13106,2020,1,0,1,29636,2020/01,taito
53394642,13,13106,2020,1,0,2,30229,2020/01,taito
53394642,13,13106,2020,1,1,0,74791,2020/01,taito
53394642,13,13106,2020,1,1,1,33567,2020/01,taito
53394642,13,13106,2020,1,1,2,52138,2020/01,taito
53394642,13,13106,2020,1,2,0,60732,2020/01,taito
53394642,13,13106,2020,1,2,1,32299,2020/01,taito
53394642,13,13106,2020,1,2,2,45070,2020/01,taito
53394519,13,13101,2020,2,0,0,13499,2020/02,chiyoda
53394519,13,13101,2020,2,0,1,5818,2020/02,chiyoda
53394519,13,13101,2020,2,0,2,9167,2020/02,chiyoda
53394519,13,13101,2020,2,1,0,68295,2020/02,chiyoda
53394519,13,13101,2020,2,1,1,10559,2020/02,chiyoda
53394519,13,13101,2020,2,1,2,37550,2020/02,chiyoda
53394519,13,13101,2020,2,2,0,47510,2020/02,chiyoda
53394519,13,13101,2020,2,2,1,8761,2020/02,chiyoda
53394519,13,13101,2020,2,2,2,26784,2020/02,chiyoda
53393671,13,13102,2020,2,0,0,219,2020/02,chuou
53393671,13,13102,2020,2,0,1,76,2020/02,chuou
53393671,13,13102,2020,2,0,2,133,2020/02,chuou
53393671,13,13102,2020,2,1,0,326,2020/02,chuou
53393671,13,13102,2020,2,1,1,53,2020/02,chuou
53393671,13,13102,2020,2,1,2,171,2020/02,chuou
53393671,13,13102,2020,2,2,0,285,2020/02,chuou
53393671,13,13102,2020,2,2,1,62,2020/02,chuou
53393671,13,13102,2020,2,2,2,157,2020/02,chuou
53393558,13,13103,2020,2,0,0,32452,2020/02,minato
53393558,13,13103,2020,2,0,1,27322,2020/02,minato
53393558,13,13103,2020,2,0,2,29400,2020/02,minato
53393558,13,13103,2020,2,1,0,52176,2020/02,minato
53393558,13,13103,2020,2,1,1,27230,2020/02,minato
53393558,13,13103,2020,2,1,2,39608,2020/02,minato
53393558,13,13103,2020,2,2,0,44695,2020/02,minato
53393558,13,13103,2020,2,2,1,27265,2020/02,minato
53393558,13,13103,2020,2,2,2,35736,2020/02,minato
53394517,13,13104,2020,2,0,0,14401,2020/02,shinjuku
53394517,13,13104,2020,2,0,1,7080,2020/02,shinjuku
53394517,13,13104,2020,2,0,2,10042,2020/02,shinjuku
53394517,13,13104,2020,2,1,0,26121,2020/02,shinjuku
53394517,13,13104,2020,2,1,1,8401,2020/02,shinjuku
53394517,13,13104,2020,2,1,2,16860,2020/02,shinjuku
53394517,13,13104,2020,2,2,0,21676,2020/02,shinjuku
53394517,13,13104,2020,2,2,1,7900,2020/02,shinjuku
53394517,13,13104,2020,2,2,2,14274,2020/02,shinjuku
53394558,13,13105,2020,2,0,0,21315,2020/02,bunkyo
53394558,13,13105,2020,2,0,1,20186,2020/02,bunkyo
53394558,13,13105,2020,2,0,2,20479,2020/02,bunkyo
53394558,13,13105,2020,2,1,0,27907,2020/02,bunkyo
53394558,13,13105,2020,2,1,1,20581,2020/02,bunkyo
53394558,13,13105,2020,2,1,2,24214,2020/02,bunkyo
53394558,13,13105,2020,2,2,0,25406,2020/02,bunkyo
53394558,13,13105,2020,2,2,1,20431,2020/02,bunkyo
53394558,13,13105,2020,2,2,2,22797,2020/02,bunkyo
53394642,13,13106,2020,2,0,0,33649,2020/02,taito
53394642,13,13106,2020,2,0,1,31074,2020/02,taito
53394642,13,13106,2020,2,0,2,32079,2020/02,taito
53394642,13,13106,2020,2,1,0,79836,2020/02,taito
53394642,13,13106,2020,2,1,1,35173,2020/02,taito
53394642,13,13106,2020,2,1,2,55602,2020/02,taito
53394642,13,13106,2020,2,2,0,62317,2020/02,taito
53394642,13,13106,2020,2,2,1,33618,2020/02,taito
53394642,13,13106,2020,2,2,2,46680,2020/02,taito
53394519,13,13101,2020,3,0,0,8848,2020/03,chiyoda
53394519,13,13101,2020,3,0,1,3841,2020/03,chiyoda
53394519,13,13101,2020,3,0,2,6218,2020/03,chiyoda
53394519,13,13101,2020,3,1,0,61492,2020/03,chiyoda
53394519,13,13101,2020,3,1,1,8615,2020/03,chiyoda
53394519,13,13101,2020,3,1,2,33433,2020/03,chiyoda
53394519,13,13101,2020,3,2,0,44511,2020/03,chiyoda
53394519,13,13101,2020,3,2,1,7075,2020/03,chiyoda
53394519,13,13101,2020,3,2,2,24654,2020/03,chiyoda
53393671,13,13102,2020,3,0,0,144,2020/03,chuou
53393671,13,13102,2020,3,0,1,36,2020/03,chuou
53393671,13,13102,2020,3,0,2,116,2020/03,chuou
53393671,13,13102,2020,3,1,0,340,2020/03,chuou
53393671,13,13102,2020,3,1,1,89,2020/03,chuou
53393671,13,13102,2020,3,1,2,209,2020/03,chuou
53393671,13,13102,2020,3,2,0,277,2020/03,chuou
53393671,13,13102,2020,3,2,1,72,2020/03,chuou
53393671,13,13102,2020,3,2,2,179,2020/03,chuou
53393558,13,13103,2020,3,0,0,24553,2020/03,minato
53393558,13,13103,2020,3,0,1,21341,2020/03,minato
53393558,13,13103,2020,3,0,2,22562,2020/03,minato
53393558,13,13103,2020,3,1,0,44893,2020/03,minato
53393558,13,13103,2020,3,1,1,23027,2020/03,minato
53393558,13,13103,2020,3,1,2,33680,2020/03,minato
53393558,13,13103,2020,3,2,0,38332,2020/03,minato
53393558,13,13103,2020,3,2,1,22483,2020/03,minato
53393558,13,13103,2020,3,2,2,30094,2020/03,minato
53394517,13,13104,2020,3,0,0,10733,2020/03,shinjuku
53394517,13,13104,2020,3,0,1,6514,2020/03,shinjuku
53394517,13,13104,2020,3,0,2,8163,2020/03,shinjuku
53394517,13,13104,2020,3,1,0,24024,2020/03,shinjuku
53394517,13,13104,2020,3,1,1,8031,2020/03,shinjuku
53394517,13,13104,2020,3,1,2,15623,2020/03,shinjuku
53394517,13,13104,2020,3,2,0,19736,2020/03,shinjuku
53394517,13,13104,2020,3,2,1,7542,2020/03,shinjuku
53394517,13,13104,2020,3,2,2,13216,2020/03,shinjuku
53394558,13,13105,2020,3,0,0,20690,2020/03,bunkyo
53394558,13,13105,2020,3,0,1,19773,2020/03,bunkyo
53394558,13,13105,2020,3,0,2,20170,2020/03,bunkyo
53394558,13,13105,2020,3,1,0,27839,2020/03,bunkyo
53394558,13,13105,2020,3,1,1,20350,2020/03,bunkyo
53394558,13,13105,2020,3,1,2,23985,2020/03,bunkyo
53394558,13,13105,2020,3,2,0,25533,2020/03,bunkyo
53394558,13,13105,2020,3,2,1,20164,2020/03,bunkyo
53394558,13,13105,2020,3,2,2,22754,2020/03,bunkyo
53394642,13,13106,2020,3,0,0,33043,2020/03,taito
53394642,13,13106,2020,3,0,1,29855,2020/03,taito
53394642,13,13106,2020,3,0,2,31199,2020/03,taito
53394642,13,13106,2020,3,1,0,78292,2020/03,taito
53394642,13,13106,2020,3,1,1,34006,2020/03,taito
53394642,13,13106,2020,3,1,2,54370,2020/03,taito
53394642,13,13106,2020,3,2,0,63695,2020/03,taito
53394642,13,13106,2020,3,2,1,32667,2020/03,taito
53394642,13,13106,2020,3,2,2,46896,2020/03,taito
53394519,13,13101,2020,4,0,0,5651,2020/04,chiyoda
53394519,13,13101,2020,4,0,1,3360,2020/04,chiyoda
53394519,13,13101,2020,4,0,2,4421,2020/04,chiyoda
53394519,13,13101,2020,4,1,0,35811,2020/04,chiyoda
53394519,13,13101,2020,4,1,1,5834,2020/04,chiyoda
53394519,13,13101,2020,4,1,2,19949,2020/04,chiyoda
53394519,13,13101,2020,4,2,0,26763,2020/04,chiyoda
53394519,13,13101,2020,4,2,1,5092,2020/04,chiyoda
53394519,13,13101,2020,4,2,2,15291,2020/04,chiyoda
53393671,13,13102,2020,4,0,0,173,2020/04,chuou
53393671,13,13102,2020,4,0,1,36,2020/04,chuou
53393671,13,13102,2020,4,0,2,87,2020/04,chuou
53393671,13,13102,2020,4,1,0,242,2020/04,chuou
53393671,13,13102,2020,4,1,1,77,2020/04,chuou
53393671,13,13102,2020,4,1,2,158,2020/04,chuou
53393671,13,13102,2020,4,2,0,221,2020/04,chuou
53393671,13,13102,2020,4,2,1,64,2020/04,chuou
53393671,13,13102,2020,4,2,2,136,2020/04,chuou
53393558,13,13103,2020,4,0,0,19833,2020/04,minato
53393558,13,13103,2020,4,0,1,18528,2020/04,minato
53393558,13,13103,2020,4,0,2,18992,2020/04,minato
53393558,13,13103,2020,4,1,0,34949,2020/04,minato
53393558,13,13103,2020,4,1,1,19912,2020/04,minato
53393558,13,13103,2020,4,1,2,26691,2020/04,minato
53393558,13,13103,2020,4,2,0,30414,2020/04,minato
53393558,13,13103,2020,4,2,1,19497,2020/04,minato
53393558,13,13103,2020,4,2,2,24382,2020/04,minato
53394517,13,13104,2020,4,0,0,7226,2020/04,shinjuku
53394517,13,13104,2020,4,0,1,4942,2020/04,shinjuku
53394517,13,13104,2020,4,0,2,6054,2020/04,shinjuku
53394517,13,13104,2020,4,1,0,15175,2020/04,shinjuku
53394517,13,13104,2020,4,1,1,5707,2020/04,shinjuku
53394517,13,13104,2020,4,1,2,10116,2020/04,shinjuku
53394517,13,13104,2020,4,2,0,12790,2020/04,shinjuku
53394517,13,13104,2020,4,2,1,5477,2020/04,shinjuku
53394517,13,13104,2020,4,2,2,8898,2020/04,shinjuku
53394558,13,13105,2020,4,0,0,20577,2020/04,bunkyo
53394558,13,13105,2020,4,0,1,20299,2020/04,bunkyo
53394558,13,13105,2020,4,0,2,20633,2020/04,bunkyo
53394558,13,13105,2020,4,1,0,26399,2020/04,bunkyo
53394558,13,13105,2020,4,1,1,20450,2020/04,bunkyo
53394558,13,13105,2020,4,1,2,23270,2020/04,bunkyo
53394558,13,13105,2020,4,2,0,24652,2020/04,bunkyo
53394558,13,13105,2020,4,2,1,20405,2020/04,bunkyo
53394558,13,13105,2020,4,2,2,22479,2020/04,bunkyo
53394642,13,13106,2020,4,0,0,34237,2020/04,taito
53394642,13,13106,2020,4,0,1,31723,2020/04,taito
53394642,13,13106,2020,4,0,2,32934,2020/04,taito
53394642,13,13106,2020,4,1,0,64752,2020/04,taito
53394642,13,13106,2020,4,1,1,34409,2020/04,taito
53394642,13,13106,2020,4,1,2,47667,2020/04,taito
53394642,13,13106,2020,4,2,0,55597,2020/04,taito
53394642,13,13106,2020,4,2,1,33603,2020/04,taito
53394642,13,13106,2020,4,2,2,43247,2020/04,taito
53394519,13,13101,2020,5,0,0,5356,2020/05,chiyoda
53394519,13,13101,2020,5,0,1,3040,2020/05,chiyoda
53394519,13,13101,2020,5,0,2,4135,2020/05,chiyoda
53394519,13,13101,2020,5,1,0,32346,2020/05,chiyoda
53394519,13,13101,2020,5,1,1,5712,2020/05,chiyoda
53394519,13,13101,2020,5,1,2,17990,2020/05,chiyoda
53394519,13,13101,2020,5,2,0,21028,2020/05,chiyoda
53394519,13,13101,2020,5,2,1,4591,2020/05,chiyoda
53394519,13,13101,2020,5,2,2,12180,2020/05,chiyoda
53393671,13,13102,2020,5,0,0,84,2020/05,chuou
53393671,13,13102,2020,5,0,1,59,2020/05,chuou
53393671,13,13102,2020,5,0,2,85,2020/05,chuou
53393671,13,13102,2020,5,1,0,175,2020/05,chuou
53393671,13,13102,2020,5,1,1,84,2020/05,chuou
53393671,13,13102,2020,5,1,2,118,2020/05,chuou
53393671,13,13102,2020,5,2,0,137,2020/05,chuou
53393671,13,13102,2020,5,2,1,73,2020/05,chuou
53393671,13,13102,2020,5,2,2,104,2020/05,chuou
53393558,13,13103,2020,5,0,0,19197,2020/05,minato
53393558,13,13103,2020,5,0,1,17834,2020/05,minato
53393558,13,13103,2020,5,0,2,18372,2020/05,minato
53393558,13,13103,2020,5,1,0,31974,2020/05,minato
53393558,13,13103,2020,5,1,1,19628,2020/05,minato
53393558,13,13103,2020,5,1,2,25178,2020/05,minato
53393558,13,13103,2020,5,2,0,26616,2020/05,minato
53393558,13,13103,2020,5,2,1,18876,2020/05,minato
53393558,13,13103,2020,5,2,2,22324,2020/05,minato
53394517,13,13104,2020,5,0,0,7103,2020/05,shinjuku
53394517,13,13104,2020,5,0,1,4833,2020/05,shinjuku
53394517,13,13104,2020,5,0,2,5910,2020/05,shinjuku
53394517,13,13104,2020,5,1,0,14749,2020/05,shinjuku
53394517,13,13104,2020,5,1,1,6081,2020/05,shinjuku
53394517,13,13104,2020,5,1,2,10103,2020/05,shinjuku
53394517,13,13104,2020,5,2,0,11543,2020/05,shinjuku
53394517,13,13104,2020,5,2,1,5558,2020/05,shinjuku
53394517,13,13104,2020,5,2,2,8345,2020/05,shinjuku
53394558,13,13105,2020,5,0,0,19946,2020/05,bunkyo
53394558,13,13105,2020,5,0,1,20516,2020/05,bunkyo
53394558,13,13105,2020,5,0,2,20335,2020/05,bunkyo
53394558,13,13105,2020,5,1,0,25867,2020/05,bunkyo
53394558,13,13105,2020,5,1,1,20574,2020/05,bunkyo
53394558,13,13105,2020,5,1,2,22971,2020/05,bunkyo
53394558,13,13105,2020,5,2,0,23384,2020/05,bunkyo
53394558,13,13105,2020,5,2,1,20550,2020/05,bunkyo
53394558,13,13105,2020,5,2,2,21866,2020/05,bunkyo
53394642,13,13106,2020,5,0,0,33613,2020/05,taito
53394642,13,13106,2020,5,0,1,30972,2020/05,taito
53394642,13,13106,2020,5,0,2,32118,2020/05,taito
53394642,13,13106,2020,5,1,0,61822,2020/05,taito
53394642,13,13106,2020,5,1,1,33647,2020/05,taito
53394642,13,13106,2020,5,1,2,46167,2020/05,taito
53394642,13,13106,2020,5,2,0,49993,2020/05,taito
53394642,13,13106,2020,5,2,1,32525,2020/05,taito
53394642,13,13106,2020,5,2,2,40276,2020/05,taito
53394519,13,13101,2020,6,0,0,6575,2020/06,chiyoda
53394519,13,13101,2020,6,0,1,3494,2020/06,chiyoda
53394519,13,13101,2020,6,0,2,4990,2020/06,chiyoda
53394519,13,13101,2020,6,1,0,43261,2020/06,chiyoda
53394519,13,13101,2020,6,1,1,6939,2020/06,chiyoda
53394519,13,13101,2020,6,1,2,23788,2020/06,chiyoda
53394519,13,13101,2020,6,2,0,33478,2020/06,chiyoda
53394519,13,13101,2020,6,2,1,6020,2020/06,chiyoda
53394519,13,13101,2020,6,2,2,18775,2020/06,chiyoda
53393671,13,13102,2020,6,0,0,121,2020/06,chuou
53393671,13,13102,2020,6,0,1,91,2020/06,chuou
53393671,13,13102,2020,6,0,2,102,2020/06,chuou
53393671,13,13102,2020,6,1,0,302,2020/06,chuou
53393671,13,13102,2020,6,1,1,56,2020/06,chuou
53393671,13,13102,2020,6,1,2,162,2020/06,chuou
53393671,13,13102,2020,6,2,0,254,2020/06,chuou
53393671,13,13102,2020,6,2,1,65,2020/06,chuou
53393671,13,13102,2020,6,2,2,146,2020/06,chuou
53393558,13,13103,2020,6,0,0,23653,2020/06,minato
53393558,13,13103,2020,6,0,1,20347,2020/06,minato
53393558,13,13103,2020,6,0,2,21612,2020/06,minato
53393558,13,13103,2020,6,1,0,39863,2020/06,minato
53393558,13,13103,2020,6,1,1,21321,2020/06,minato
53393558,13,13103,2020,6,1,2,29776,2020/06,minato
53393558,13,13103,2020,6,2,0,35540,2020/06,minato
53393558,13,13103,2020,6,2,1,21061,2020/06,minato
53393558,13,13103,2020,6,2,2,27599,2020/06,minato
53394517,13,13104,2020,6,0,0,9121,2020/06,shinjuku
53394517,13,13104,2020,6,0,1,5818,2020/06,shinjuku
53394517,13,13104,2020,6,0,2,7231,2020/06,shinjuku
53394517,13,13104,2020,6,1,0,19895,2020/06,shinjuku
53394517,13,13104,2020,6,1,1,6718,2020/06,shinjuku
53394517,13,13104,2020,6,1,2,12785,2020/06,shinjuku
53394517,13,13104,2020,6,2,0,17022,2020/06,shinjuku
53394517,13,13104,2020,6,2,1,6478,2020/06,shinjuku
53394517,13,13104,2020,6,2,2,11304,2020/06,shinjuku
53394558,13,13105,2020,6,0,0,18750,2020/06,bunkyo
53394558,13,13105,2020,6,0,1,19035,2020/06,bunkyo
53394558,13,13105,2020,6,0,2,19213,2020/06,bunkyo
53394558,13,13105,2020,6,1,0,27555,2020/06,bunkyo
53394558,13,13105,2020,6,1,1,20638,2020/06,bunkyo
53394558,13,13105,2020,6,1,2,23858,2020/06,bunkyo
53394558,13,13105,2020,6,2,0,25207,2020/06,bunkyo
53394558,13,13105,2020,6,2,1,20211,2020/06,bunkyo
53394558,13,13105,2020,6,2,2,22619,2020/06,bunkyo
53394642,13,13106,2020,6,0,0,32934,2020/06,taito
53394642,13,13106,2020,6,0,1,30606,2020/06,taito
53394642,13,13106,2020,6,0,2,31627,2020/06,taito
53394642,13,13106,2020,6,1,0,71193,2020/06,taito
53394642,13,13106,2020,6,1,1,34261,2020/06,taito
53394642,13,13106,2020,6,1,2,50437,2020/06,taito
53394642,13,13106,2020,6,2,0,60991,2020/06,taito
53394642,13,13106,2020,6,2,1,33287,2020/06,taito
53394642,13,13106,2020,6,2,2,45421,2020/06,taito
53394519,13,13101,2020,7,0,0,7188,2020/07,chiyoda
53394519,13,13101,2020,7,0,1,3771,2020/07,chiyoda
53394519,13,13101,2020,7,0,2,5411,2020/07,chiyoda
53394519,13,13101,2020,7,1,0,44560,2020/07,chiyoda
53394519,13,13101,2020,7,1,1,7310,2020/07,chiyoda
53394519,13,13101,2020,7,1,2,24449,2020/07,chiyoda
53394519,13,13101,2020,7,2,0,32505,2020/07,chiyoda
53394519,13,13101,2020,7,2,1,6169,2020/07,chiyoda
53394519,13,13101,2020,7,2,2,18308,2020/07,chiyoda
53393671,13,13102,2020,7,0,0,198,2020/07,chuou
53393671,13,13102,2020,7,0,1,98,2020/07,chuou
53393671,13,13102,2020,7,0,2,167,2020/07,chuou
53393671,13,13102,2020,7,1,0,236,2020/07,chuou
53393671,13,13102,2020,7,1,1,130,2020/07,chuou
53393671,13,13102,2020,7,1,2,172,2020/07,chuou
53393671,13,13102,2020,7,2,0,224,2020/07,chuou
53393671,13,13102,2020,7,2,1,120,2020/07,chuou
53393671,13,13102,2020,7,2,2,170,2020/07,chuou
53393558,13,13103,2020,7,0,0,24140,2020/07,minato
53393558,13,13103,2020,7,0,1,20585,2020/07,minato
53393558,13,13103,2020,7,0,2,21910,2020/07,minato
53393558,13,13103,2020,7,1,0,41736,2020/07,minato
53393558,13,13103,2020,7,1,1,21486,2020/07,minato
53393558,13,13103,2020,7,1,2,30871,2020/07,minato
53393558,13,13103,2020,7,2,0,36060,2020/07,minato
53393558,13,13103,2020,7,2,1,21196,2020/07,minato
53393558,13,13103,2020,7,2,2,27980,2020/07,minato
53394517,13,13104,2020,7,0,0,9308,2020/07,shinjuku
53394517,13,13104,2020,7,0,1,5929,2020/07,shinjuku
53394517,13,13104,2020,7,0,2,7573,2020/07,shinjuku
53394517,13,13104,2020,7,1,0,21889,2020/07,shinjuku
53394517,13,13104,2020,7,1,1,7069,2020/07,shinjuku
53394517,13,13104,2020,7,1,2,13917,2020/07,shinjuku
53394517,13,13104,2020,7,2,0,17831,2020/07,shinjuku
53394517,13,13104,2020,7,2,1,6701,2020/07,shinjuku
53394517,13,13104,2020,7,2,2,11870,2020/07,shinjuku
53394558,13,13105,2020,7,0,0,19862,2020/07,bunkyo
53394558,13,13105,2020,7,0,1,19366,2020/07,bunkyo
53394558,13,13105,2020,7,0,2,19642,2020/07,bunkyo
53394558,13,13105,2020,7,1,0,27772,2020/07,bunkyo
53394558,13,13105,2020,7,1,1,20263,2020/07,bunkyo
53394558,13,13105,2020,7,1,2,23862,2020/07,bunkyo
53394558,13,13105,2020,7,2,0,25220,2020/07,bunkyo
53394558,13,13105,2020,7,2,1,19974,2020/07,bunkyo
53394558,13,13105,2020,7,2,2,22501,2020/07,bunkyo
53394642,13,13106,2020,7,0,0,31967,2020/07,taito
53394642,13,13106,2020,7,0,1,29200,2020/07,taito
53394642,13,13106,2020,7,0,2,30483,2020/07,taito
53394642,13,13106,2020,7,1,0,70582,2020/07,taito
53394642,13,13106,2020,7,1,1,34414,2020/07,taito
53394642,13,13106,2020,7,1,2,50480,2020/07,taito
53394642,13,13106,2020,7,2,0,58126,2020/07,taito
53394642,13,13106,2020,7,2,1,32732,2020/07,taito
53394642,13,13106,2020,7,2,2,44029,2020/07,taito
53394519,13,13101,2020,8,0,0,7290,2020/08,chiyoda
53394519,13,13101,2020,8,0,1,3585,2020/08,chiyoda
53394519,13,13101,2020,8,0,2,5268,2020/08,chiyoda
53394519,13,13101,2020,8,1,0,38679,2020/08,chiyoda
53394519,13,13101,2020,8,1,1,6722,2020/08,chiyoda
53394519,13,13101,2020,8,1,2,21310,2020/08,chiyoda
53394519,13,13101,2020,8,2,0,27541,2020/08,chiyoda
53394519,13,13101,2020,8,2,1,5609,2020/08,chiyoda
53394519,13,13101,2020,8,2,2,15618,2020/08,chiyoda
53393671,13,13102,2020,8,0,0,145,2020/08,chuou
53393671,13,13102,2020,8,0,1,102,2020/08,chuou
53393671,13,13102,2020,8,0,2,128,2020/08,chuou
53393671,13,13102,2020,8,1,0,240,2020/08,chuou
53393671,13,13102,2020,8,1,1,165,2020/08,chuou
53393671,13,13102,2020,8,1,2,189,2020/08,chuou
53393671,13,13102,2020,8,2,0,206,2020/08,chuou
53393671,13,13102,2020,8,2,1,143,2020/08,chuou
53393671,13,13102,2020,8,2,2,167,2020/08,chuou
53393558,13,13103,2020,8,0,0,24321,2020/08,minato
53393558,13,13103,2020,8,0,1,20532,2020/08,minato
53393558,13,13103,2020,8,0,2,22024,2020/08,minato
53393558,13,13103,2020,8,1,0,38632,2020/08,minato
53393558,13,13103,2020,8,1,1,22011,2020/08,minato
53393558,13,13103,2020,8,1,2,29613,2020/08,minato
53393558,13,13103,2020,8,2,0,33554,2020/08,minato
53393558,13,13103,2020,8,2,1,21486,2020/08,minato
53393558,13,13103,2020,8,2,2,26920,2020/08,minato
53394517,13,13104,2020,8,0,0,9797,2020/08,shinjuku
53394517,13,13104,2020,8,0,1,6014,2020/08,shinjuku
53394517,13,13104,2020,8,0,2,7900,2020/08,shinjuku
53394517,13,13104,2020,8,1,0,19909,2020/08,shinjuku
53394517,13,13104,2020,8,1,1,7394,2020/08,shinjuku
53394517,13,13104,2020,8,1,2,13436,2020/08,shinjuku
53394517,13,13104,2020,8,2,0,16321,2020/08,shinjuku
53394517,13,13104,2020,8,2,1,6904,2020/08,shinjuku
53394517,13,13104,2020,8,2,2,11471,2020/08,shinjuku
53394558,13,13105,2020,8,0,0,18993,2020/08,bunkyo
53394558,13,13105,2020,8,0,1,18512,2020/08,bunkyo
53394558,13,13105,2020,8,0,2,18806,2020/08,bunkyo
53394558,13,13105,2020,8,1,0,25396,2020/08,bunkyo
53394558,13,13105,2020,8,1,1,19356,2020/08,bunkyo
53394558,13,13105,2020,8,1,2,22121,2020/08,bunkyo
53394558,13,13105,2020,8,2,0,23124,2020/08,bunkyo
53394558,13,13105,2020,8,2,1,19057,2020/08,bunkyo
53394558,13,13105,2020,8,2,2,20944,2020/08,bunkyo
53394642,13,13106,2020,8,0,0,31286,2020/08,taito
53394642,13,13106,2020,8,0,1,29128,2020/08,taito
53394642,13,13106,2020,8,0,2,30076,2020/08,taito
53394642,13,13106,2020,8,1,0,63631,2020/08,taito
53394642,13,13106,2020,8,1,1,32961,2020/08,taito
53394642,13,13106,2020,8,1,2,46765,2020/08,taito
53394642,13,13106,2020,8,2,0,52154,2020/08,taito
53394642,13,13106,2020,8,2,1,31601,2020/08,taito
53394642,13,13106,2020,8,2,2,40843,2020/08,taito
53394519,13,13101,2020,9,0,0,8373,2020/09,chiyoda
53394519,13,13101,2020,9,0,1,3704,2020/09,chiyoda
53394519,13,13101,2020,9,0,2,5914,2020/09,chiyoda
53394519,13,13101,2020,9,1,0,44434,2020/09,chiyoda
53394519,13,13101,2020,9,1,1,8006,2020/09,chiyoda
53394519,13,13101,2020,9,1,2,24876,2020/09,chiyoda
53394519,13,13101,2020,9,2,0,32414,2020/09,chiyoda
53394519,13,13101,2020,9,2,1,6572,2020/09,chiyoda
53394519,13,13101,2020,9,2,2,18555,2020/09,chiyoda
53393671,13,13102,2020,9,0,0,157,2020/09,chuou
53393671,13,13102,2020,9,0,1,100,2020/09,chuou
53393671,13,13102,2020,9,0,2,152,2020/09,chuou
53393671,13,13102,2020,9,1,0,160,2020/09,chuou
53393671,13,13102,2020,9,1,1,98,2020/09,chuou
53393671,13,13102,2020,9,1,2,133,2020/09,chuou
53393671,13,13102,2020,9,2,0,159,2020/09,chuou
53393671,13,13102,2020,9,2,1,99,2020/09,chuou
53393671,13,13102,2020,9,2,2,139,2020/09,chuou
53393558,13,13103,2020,9,0,0,25585,2020/09,minato
53393558,13,13103,2020,9,0,1,21591,2020/09,minato
53393558,13,13103,2020,9,0,2,23304,2020/09,minato
53393558,13,13103,2020,9,1,0,41346,2020/09,minato
53393558,13,13103,2020,9,1,1,23478,2020/09,minato
53393558,13,13103,2020,9,1,2,31649,2020/09,minato
53393558,13,13103,2020,9,2,0,36092,2020/09,minato
53393558,13,13103,2020,9,2,1,22849,2020/09,minato
53393558,13,13103,2020,9,2,2,28867,2020/09,minato
53394517,13,13104,2020,9,0,0,10735,2020/09,shinjuku
53394517,13,13104,2020,9,0,1,6135,2020/09,shinjuku
53394517,13,13104,2020,9,0,2,8523,2020/09,shinjuku
53394517,13,13104,2020,9,1,0,21731,2020/09,shinjuku
53394517,13,13104,2020,9,1,1,7251,2020/09,shinjuku
53394517,13,13104,2020,9,1,2,14055,2020/09,shinjuku
53394517,13,13104,2020,9,2,0,18066,2020/09,shinjuku
53394517,13,13104,2020,9,2,1,6879,2020/09,shinjuku
53394517,13,13104,2020,9,2,2,12211,2020/09,shinjuku
53394558,13,13105,2020,9,0,0,19041,2020/09,bunkyo
53394558,13,13105,2020,9,0,1,19131,2020/09,bunkyo
53394558,13,13105,2020,9,0,2,19162,2020/09,bunkyo
53394558,13,13105,2020,9,1,0,26050,2020/09,bunkyo
53394558,13,13105,2020,9,1,1,19965,2020/09,bunkyo
53394558,13,13105,2020,9,1,2,22744,2020/09,bunkyo
53394558,13,13105,2020,9,2,0,23714,2020/09,bunkyo
53394558,13,13105,2020,9,2,1,19687,2020/09,bunkyo
53394558,13,13105,2020,9,2,2,21550,2020/09,bunkyo
53394642,13,13106,2020,9,0,0,32051,2020/09,taito
53394642,13,13106,2020,9,0,1,29299,2020/09,taito
53394642,13,13106,2020,9,0,2,30534,2020/09,taito
53394642,13,13106,2020,9,1,0,70109,2020/09,taito
53394642,13,13106,2020,9,1,1,34059,2020/09,taito
53394642,13,13106,2020,9,1,2,50204,2020/09,taito
53394642,13,13106,2020,9,2,0,57423,2020/09,taito
53394642,13,13106,2020,9,2,1,32472,2020/09,taito
53394642,13,13106,2020,9,2,2,43647,2020/09,taito
53394519,13,13101,2020,10,0,0,9316,2020/10,chiyoda
53394519,13,13101,2020,10,0,1,4047,2020/10,chiyoda
53394519,13,13101,2020,10,0,2,6313,2020/10,chiyoda
53394519,13,13101,2020,10,1,0,46533,2020/10,chiyoda
53394519,13,13101,2020,10,1,1,8196,2020/10,chiyoda
53394519,13,13101,2020,10,1,2,25835,2020/10,chiyoda
53394519,13,13101,2020,10,2,0,35728,2020/10,chiyoda
53394519,13,13101,2020,10,2,1,6992,2020/10,chiyoda
53394519,13,13101,2020,10,2,2,20168,2020/10,chiyoda
53393671,13,13102,2020,10,0,0,209,2020/10,chuou
53393671,13,13102,2020,10,0,1,99,2020/10,chuou
53393671,13,13102,2020,10,0,2,152,2020/10,chuou
53393671,13,13102,2020,10,1,0,222,2020/10,chuou
53393671,13,13102,2020,10,1,1,101,2020/10,chuou
53393671,13,13102,2020,10,1,2,170,2020/10,chuou
53393671,13,13102,2020,10,2,0,218,2020/10,chuou
53393671,13,13102,2020,10,2,1,101,2020/10,chuou
53393671,13,13102,2020,10,2,2,165,2020/10,chuou
53393558,13,13103,2020,10,0,0,28469,2020/10,minato
53393558,13,13103,2020,10,0,1,24817,2020/10,minato
53393558,13,13103,2020,10,0,2,26172,2020/10,minato
53393558,13,13103,2020,10,1,0,43256,2020/10,minato
53393558,13,13103,2020,10,1,1,25492,2020/10,minato
53393558,13,13103,2020,10,1,2,33947,2020/10,minato
53393558,13,13103,2020,10,2,0,38963,2020/10,minato
53393558,13,13103,2020,10,2,1,25296,2020/10,minato
53393558,13,13103,2020,10,2,2,31690,2020/10,minato
53394517,13,13104,2020,10,0,0,12198,2020/10,shinjuku
53394517,13,13104,2020,10,0,1,6397,2020/10,shinjuku
53394517,13,13104,2020,10,0,2,9245,2020/10,shinjuku
53394517,13,13104,2020,10,1,0,21968,2020/10,shinjuku
53394517,13,13104,2020,10,1,1,7503,2020/10,shinjuku
53394517,13,13104,2020,10,1,2,14374,2020/10,shinjuku
53394517,13,13104,2020,10,2,0,19131,2020/10,shinjuku
53394517,13,13104,2020,10,2,1,7182,2020/10,shinjuku
53394517,13,13104,2020,10,2,2,12885,2020/10,shinjuku
53394558,13,13105,2020,10,0,0,20857,2020/10,bunkyo
53394558,13,13105,2020,10,0,1,20408,2020/10,bunkyo
53394558,13,13105,2020,10,0,2,20683,2020/10,bunkyo
53394558,13,13105,2020,10,1,0,27301,2020/10,bunkyo
53394558,13,13105,2020,10,1,1,21004,2020/10,bunkyo
53394558,13,13105,2020,10,1,2,24003,2020/10,bunkyo
53394558,13,13105,2020,10,2,0,25430,2020/10,bunkyo
53394558,13,13105,2020,10,2,1,20831,2020/10,bunkyo
53394558,13,13105,2020,10,2,2,23039,2020/10,bunkyo
53394642,13,13106,2020,10,0,0,32859,2020/10,taito
53394642,13,13106,2020,10,0,1,30912,2020/10,taito
53394642,13,13106,2020,10,0,2,31602,2020/10,taito
53394642,13,13106,2020,10,1,0,71163,2020/10,taito
53394642,13,13106,2020,10,1,1,34614,2020/10,taito
53394642,13,13106,2020,10,1,2,50842,2020/10,taito
53394642,13,13106,2020,10,2,0,60042,2020/10,taito
53394642,13,13106,2020,10,2,1,33539,2020/10,taito
53394642,13,13106,2020,10,2,2,45256,2020/10,taito
53394519,13,13101,2020,11,0,0,9173,2020/11,chiyoda
53394519,13,13101,2020,11,0,1,4367,2020/11,chiyoda
53394519,13,13101,2020,11,0,2,6549,2020/11,chiyoda
53394519,13,13101,2020,11,1,0,49430,2020/11,chiyoda
53394519,13,13101,2020,11,1,1,9122,2020/11,chiyoda
53394519,13,13101,2020,11,1,2,27787,2020/11,chiyoda
53394519,13,13101,2020,11,2,0,34669,2020/11,chiyoda
53394519,13,13101,2020,11,2,1,7378,2020/11,chiyoda
53394519,13,13101,2020,11,2,2,20000,2020/11,chiyoda
53393671,13,13102,2020,11,0,0,142,2020/11,chuou
53393671,13,13102,2020,11,0,1,63,2020/11,chuou
53393671,13,13102,2020,11,0,2,117,2020/11,chuou
53393671,13,13102,2020,11,1,0,174,2020/11,chuou
53393671,13,13102,2020,11,1,1,115,2020/11,chuou
53393671,13,13102,2020,11,1,2,139,2020/11,chuou
53393671,13,13102,2020,11,2,0,162,2020/11,chuou
53393671,13,13102,2020,11,2,1,96,2020/11,chuou
53393671,13,13102,2020,11,2,2,131,2020/11,chuou
53393558,13,13103,2020,11,0,0,27319,2020/11,minato
53393558,13,13103,2020,11,0,1,25725,2020/11,minato
53393558,13,13103,2020,11,0,2,26086,2020/11,minato
53393558,13,13103,2020,11,1,0,42467,2020/11,minato
53393558,13,13103,2020,11,1,1,25965,2020/11,minato
53393558,13,13103,2020,11,1,2,33681,2020/11,minato
53393558,13,13103,2020,11,2,0,36913,2020/11,minato
53393558,13,13103,2020,11,2,1,25877,2020/11,minato
53393558,13,13103,2020,11,2,2,30896,2020/11,minato
53394517,13,13104,2020,11,0,0,11905,2020/11,shinjuku
53394517,13,13104,2020,11,0,1,6398,2020/11,shinjuku
53394517,13,13104,2020,11,0,2,8480,2020/11,shinjuku
53394517,13,13104,2020,11,1,0,22100,2020/11,shinjuku
53394517,13,13104,2020,11,1,1,7610,2020/11,shinjuku
53394517,13,13104,2020,11,1,2,14442,2020/11,shinjuku
53394517,13,13104,2020,11,2,0,18362,2020/11,shinjuku
53394517,13,13104,2020,11,2,1,7166,2020/11,shinjuku
53394517,13,13104,2020,11,2,2,12256,2020/11,shinjuku
53394558,13,13105,2020,11,0,0,20276,2020/11,bunkyo
53394558,13,13105,2020,11,0,1,20085,2020/11,bunkyo
53394558,13,13105,2020,11,0,2,20227,2020/11,bunkyo
53394558,13,13105,2020,11,1,0,27890,2020/11,bunkyo
53394558,13,13105,2020,11,1,1,20600,2020/11,bunkyo
53394558,13,13105,2020,11,1,2,23901,2020/11,bunkyo
53394558,13,13105,2020,11,2,0,25098,2020/11,bunkyo
53394558,13,13105,2020,11,2,1,20411,2020/11,bunkyo
53394558,13,13105,2020,11,2,2,22554,2020/11,bunkyo
53394642,13,13106,2020,11,0,0,31359,2020/11,taito
53394642,13,13106,2020,11,0,1,29735,2020/11,taito
53394642,13,13106,2020,11,0,2,30626,2020/11,taito
53394642,13,13106,2020,11,1,0,72577,2020/11,taito
53394642,13,13106,2020,11,1,1,34721,2020/11,taito
53394642,13,13106,2020,11,1,2,51557,2020/11,taito
53394642,13,13106,2020,11,2,0,57464,2020/11,taito
53394642,13,13106,2020,11,2,1,32892,2020/11,taito
53394642,13,13106,2020,11,2,2,43883,2020/11,taito
53394519,13,13101,2020,12,0,0,10011,2020/12,chiyoda
53394519,13,13101,2020,12,0,1,4089,2020/12,chiyoda
53394519,13,13101,2020,12,0,2,6771,2020/12,chiyoda
53394519,13,13101,2020,12,1,0,39211,2020/12,chiyoda
53394519,13,13101,2020,12,1,1,7783,2020/12,chiyoda
53394519,13,13101,2020,12,1,2,22395,2020/12,chiyoda
53394519,13,13101,2020,12,2,0,31676,2020/12,chiyoda
53394519,13,13101,2020,12,2,1,6830,2020/12,chiyoda
53394519,13,13101,2020,12,2,2,18363,2020/12,chiyoda
53393671,13,13102,2020,12,0,0,124,2020/12,chuou
53393671,13,13102,2020,12,0,1,116,2020/12,chuou
53393671,13,13102,2020,12,0,2,127,2020/12,chuou
53393671,13,13102,2020,12,1,0,217,2020/12,chuou
53393671,13,13102,2020,12,1,1,141,2020/12,chuou
53393671,13,13102,2020,12,1,2,192,2020/12,chuou
53393671,13,13102,2020,12,2,0,193,2020/12,chuou
53393671,13,13102,2020,12,2,1,135,2020/12,chuou
53393671,13,13102,2020,12,2,2,175,2020/12,chuou
53393558,13,13103,2020,12,0,0,25682,2020/12,minato
53393558,13,13103,2020,12,0,1,23572,2020/12,minato
53393558,13,13103,2020,12,0,2,24651,2020/12,minato
53393558,13,13103,2020,12,1,0,38043,2020/12,minato
53393558,13,13103,2020,12,1,1,23851,2020/12,minato
53393558,13,13103,2020,12,1,2,30670,2020/12,minato
53393558,13,13103,2020,12,2,0,34853,2020/12,minato
53393558,13,13103,2020,12,2,1,23779,2020/12,minato
53393558,13,13103,2020,12,2,2,29117,2020/12,minato
53394517,13,13104,2020,12,0,0,10483,2020/12,shinjuku
53394517,13,13104,2020,12,0,1,6185,2020/12,shinjuku
53394517,13,13104,2020,12,0,2,8080,2020/12,shinjuku
53394517,13,13104,2020,12,1,0,20165,2020/12,shinjuku
53394517,13,13104,2020,12,1,1,7178,2020/12,shinjuku
53394517,13,13104,2020,12,1,2,13302,2020/12,shinjuku
53394517,13,13104,2020,12,2,0,17666,2020/12,shinjuku
53394517,13,13104,2020,12,2,1,6922,2020/12,shinjuku
53394517,13,13104,2020,12,2,2,11955,2020/12,shinjuku
53394558,13,13105,2020,12,0,0,20153,2020/12,bunkyo
53394558,13,13105,2020,12,0,1,19148,2020/12,bunkyo
53394558,13,13105,2020,12,0,2,19671,2020/12,bunkyo
53394558,13,13105,2020,12,1,0,26546,2020/12,bunkyo
53394558,13,13105,2020,12,1,1,20156,2020/12,bunkyo
53394558,13,13105,2020,12,1,2,23175,2020/12,bunkyo
53394558,13,13105,2020,12,2,0,24896,2020/12,bunkyo
53394558,13,13105,2020,12,2,1,19896,2020/12,bunkyo
53394558,13,13105,2020,12,2,2,22271,2020/12,bunkyo
53394642,13,13106,2020,12,0,0,33245,2020/12,taito
53394642,13,13106,2020,12,0,1,31374,2020/12,taito
53394642,13,13106,2020,12,0,2,31988,2020/12,taito
53394642,13,13106,2020,12,1,0,66529,2020/12,taito
53394642,13,13106,2020,12,1,1,34649,2020/12,taito
53394642,13,13106,2020,12,1,2,48711,2020/12,taito
53394642,13,13106,2020,12,2,0,57939,2020/12,taito
53394642,13,13106,2020,12,2,1,33804,2020/12,taito
53394642,13,13106,2020,12,2,2,44395,2020/12,taito
53394519,13,13101,2021,1,0,0,7252,2021/01,chiyoda
53394519,13,13101,2021,1,0,1,3734,2021/01,chiyoda
53394519,13,13101,2021,1,0,2,5176,2021/01,chiyoda
53394519,13,13101,2021,1,1,0,38157,2021/01,chiyoda
53394519,13,13101,2021,1,1,1,7763,2021/01,chiyoda
53394519,13,13101,2021,1,1,2,21532,2021/01,chiyoda
53394519,13,13101,2021,1,2,0,26194,2021/01,chiyoda
53394519,13,13101,2021,1,2,1,6204,2021/01,chiyoda
53394519,13,13101,2021,1,2,2,15200,2021/01,chiyoda
53393671,13,13102,2021,1,0,0,217,2021/01,chuou
53393671,13,13102,2021,1,0,1,137,2021/01,chuou
53393671,13,13102,2021,1,0,2,179,2021/01,chuou
53393671,13,13102,2021,1,1,0,276,2021/01,chuou
53393671,13,13102,2021,1,1,1,135,2021/01,chuou
53393671,13,13102,2021,1,1,2,231,2021/01,chuou
53393671,13,13102,2021,1,2,0,253,2021/01,chuou
53393671,13,13102,2021,1,2,1,136,2021/01,chuou
53393671,13,13102,2021,1,2,2,211,2021/01,chuou
53393558,13,13103,2021,1,0,0,22236,2021/01,minato
53393558,13,13103,2021,1,0,1,20783,2021/01,minato
53393558,13,13103,2021,1,0,2,21148,2021/01,minato
53393558,13,13103,2021,1,1,0,37826,2021/01,minato
53393558,13,13103,2021,1,1,1,22407,2021/01,minato
53393558,13,13103,2021,1,1,2,29387,2021/01,minato
53393558,13,13103,2021,1,2,0,31791,2021/01,minato
53393558,13,13103,2021,1,2,1,21779,2021/01,minato
53393558,13,13103,2021,1,2,2,26198,2021/01,minato
53394517,13,13104,2021,1,0,0,11948,2021/01,shinjuku
53394517,13,13104,2021,1,0,1,6212,2021/01,shinjuku
53394517,13,13104,2021,1,0,2,8430,2021/01,shinjuku
53394517,13,13104,2021,1,1,0,20973,2021/01,shinjuku
53394517,13,13104,2021,1,1,1,7888,2021/01,shinjuku
53394517,13,13104,2021,1,1,2,13781,2021/01,shinjuku
53394517,13,13104,2021,1,2,0,17480,2021/01,shinjuku
53394517,13,13104,2021,1,2,1,7239,2021/01,shinjuku
53394517,13,13104,2021,1,2,2,11709,2021/01,shinjuku
53394558,13,13105,2021,1,0,0,19774,2021/01,bunkyo
53394558,13,13105,2021,1,0,1,18896,2021/01,bunkyo
53394558,13,13105,2021,1,0,2,19504,2021/01,bunkyo
53394558,13,13105,2021,1,1,0,26833,2021/01,bunkyo
53394558,13,13105,2021,1,1,1,20073,2021/01,bunkyo
53394558,13,13105,2021,1,1,2,23345,2021/01,bunkyo
53394558,13,13105,2021,1,2,0,24100,2021/01,bunkyo
53394558,13,13105,2021,1,2,1,19617,2021/01,bunkyo
53394558,13,13105,2021,1,2,2,21858,2021/01,bunkyo
53394642,13,13106,2021,1,0,0,31551,2021/01,taito
53394642,13,13106,2021,1,0,1,31083,2021/01,taito
53394642,13,13106,2021,1,0,2,31484,2021/01,taito
53394642,13,13106,2021,1,1,0,68460,2021/01,taito
53394642,13,13106,2021,1,1,1,36196,2021/01,taito
53394642,13,13106,2021,1,1,2,50098,2021/01,taito
53394642,13,13106,2021,1,2,0,54173,2021/01,taito
53394642,13,13106,2021,1,2,1,34216,2021/01,taito
53394642,13,13106,2021,1,2,2,42892,2021/01,taito
53394519,13,13101,2021,2,0,0,8093,2021/02,chiyoda
53394519,13,13101,2021,2,0,1,3820,2021/02,chiyoda
53394519,13,13101,2021,2,0,2,5690,2021/02,chiyoda
53394519,13,13101,2021,2,1,0,38680,2021/02,chiyoda
53394519,13,13101,2021,2,1,1,8110,2021/02,chiyoda
53394519,13,13101,2021,2,1,2,22332,2021/02,chiyoda
53394519,13,13101,2021,2,2,0,27756,2021/02,chiyoda
53394519,13,13101,2021,2,2,1,6577,2021/02,chiyoda
53394519,13,13101,2021,2,2,2,16388,2021/02,chiyoda
53393671,13,13102,2021,2,0,0,109,2021/02,chuou
53393671,13,13102,2021,2,0,1,112,2021/02,chuou
53393671,13,13102,2021,2,0,2,109,2021/02,chuou
53393671,13,13102,2021,2,1,0,324,2021/02,chuou
53393671,13,13102,2021,2,1,1,180,2021/02,chuou
53393671,13,13102,2021,2,1,2,227,2021/02,chuou
53393671,13,13102,2021,2,2,0,247,2021/02,chuou
53393671,13,13102,2021,2,2,1,156,2021/02,chuou
53393671,13,13102,2021,2,2,2,185,2021/02,chuou
53393558,13,13103,2021,2,0,0,23837,2021/02,minato
53393558,13,13103,2021,2,0,1,21164,2021/02,minato
53393558,13,13103,2021,2,0,2,21948,2021/02,minato
53393558,13,13103,2021,2,1,0,36970,2021/02,minato
53393558,13,13103,2021,2,1,1,21724,2021/02,minato
53393558,13,13103,2021,2,1,2,28775,2021/02,minato
53393558,13,13103,2021,2,2,0,32280,2021/02,minato
53393558,13,13103,2021,2,2,1,21524,2021/02,minato
53393558,13,13103,2021,2,2,2,26336,2021/02,minato
53394517,13,13104,2021,2,0,0,9198,2021/02,shinjuku
53394517,13,13104,2021,2,0,1,6305,2021/02,shinjuku
53394517,13,13104,2021,2,0,2,7493,2021/02,shinjuku
53394517,13,13104,2021,2,1,0,19296,2021/02,shinjuku
53394517,13,13104,2021,2,1,1,8624,2021/02,shinjuku
53394517,13,13104,2021,2,1,2,13484,2021/02,shinjuku
53394517,13,13104,2021,2,2,0,15690,2021/02,shinjuku
53394517,13,13104,2021,2,2,1,7796,2021/02,shinjuku
53394517,13,13104,2021,2,2,2,11344,2021/02,shinjuku
53394558,13,13105,2021,2,0,0,19635,2021/02,bunkyo
53394558,13,13105,2021,2,0,1,19129,2021/02,bunkyo
53394558,13,13105,2021,2,0,2,19565,2021/02,bunkyo
53394558,13,13105,2021,2,1,0,26493,2021/02,bunkyo
53394558,13,13105,2021,2,1,1,20143,2021/02,bunkyo
53394558,13,13105,2021,2,1,2,23209,2021/02,bunkyo
53394558,13,13105,2021,2,2,0,24044,2021/02,bunkyo
53394558,13,13105,2021,2,2,1,19781,2021/02,bunkyo
53394558,13,13105,2021,2,2,2,21908,2021/02,bunkyo
53394642,13,13106,2021,2,0,0,32576,2021/02,taito
53394642,13,13106,2021,2,0,1,31168,2021/02,taito
53394642,13,13106,2021,2,0,2,31994,2021/02,taito
53394642,13,13106,2021,2,1,0,68794,2021/02,taito
53394642,13,13106,2021,2,1,1,34934,2021/02,taito
53394642,13,13106,2021,2,1,2,49618,2021/02,taito
53394642,13,13106,2021,2,2,0,55859,2021/02,taito
53394642,13,13106,2021,2,2,1,33589,2021/02,taito
53394642,13,13106,2021,2,2,2,43323,2021/02,taito
53394519,13,13101,2021,3,0,0,9468,2021/03,chiyoda
53394519,13,13101,2021,3,0,1,4424,2021/03,chiyoda
53394519,13,13101,2021,3,0,2,6624,2021/03,chiyoda
53394519,13,13101,2021,3,1,0,42399,2021/03,chiyoda
53394519,13,13101,2021,3,1,1,8769,2021/03,chiyoda
53394519,13,13101,2021,3,1,2,24186,2021/03,chiyoda
53394519,13,13101,2021,3,2,0,33901,2021/03,chiyoda
53394519,13,13101,2021,3,2,1,7647,2021/03,chiyoda
53394519,13,13101,2021,3,2,2,19654,2021/03,chiyoda
53393671,13,13102,2021,3,0,0,106,2021/03,chuou
53393671,13,13102,2021,3,0,1,77,2021/03,chuou
53393671,13,13102,2021,3,0,2,90,2021/03,chuou
53393671,13,13102,2021,3,1,0,264,2021/03,chuou
53393671,13,13102,2021,3,1,1,75,2021/03,chuou
53393671,13,13102,2021,3,1,2,167,2021/03,chuou
53393671,13,13102,2021,3,2,0,224,2021/03,chuou
53393671,13,13102,2021,3,2,1,76,2021/03,chuou
53393671,13,13102,2021,3,2,2,147,2021/03,chuou
53393558,13,13103,2021,3,0,0,26472,2021/03,minato
53393558,13,13103,2021,3,0,1,22773,2021/03,minato
53393558,13,13103,2021,3,0,2,23930,2021/03,minato
53393558,13,13103,2021,3,1,0,38248,2021/03,minato
53393558,13,13103,2021,3,1,1,22773,2021/03,minato
53393558,13,13103,2021,3,1,2,29828,2021/03,minato
53393558,13,13103,2021,3,2,0,35209,2021/03,minato
53393558,13,13103,2021,3,2,1,22773,2021/03,minato
53393558,13,13103,2021,3,2,2,28305,2021/03,minato
53394517,13,13104,2021,3,0,0,11221,2021/03,shinjuku
53394517,13,13104,2021,3,0,1,6688,2021/03,shinjuku
53394517,13,13104,2021,3,0,2,8480,2021/03,shinjuku
53394517,13,13104,2021,3,1,0,20312,2021/03,shinjuku
53394517,13,13104,2021,3,1,1,8752,2021/03,shinjuku
53394517,13,13104,2021,3,1,2,13959,2021/03,shinjuku
53394517,13,13104,2021,3,2,0,17966,2021/03,shinjuku
53394517,13,13104,2021,3,2,1,8220,2021/03,shinjuku
53394517,13,13104,2021,3,2,2,12545,2021/03,shinjuku
53394558,13,13105,2021,3,0,0,19990,2021/03,bunkyo
53394558,13,13105,2021,3,0,1,18256,2021/03,bunkyo
53394558,13,13105,2021,3,0,2,19092,2021/03,bunkyo
53394558,13,13105,2021,3,1,0,25426,2021/03,bunkyo
53394558,13,13105,2021,3,1,1,18949,2021/03,bunkyo
53394558,13,13105,2021,3,1,2,22109,2021/03,bunkyo
53394558,13,13105,2021,3,2,0,24023,2021/03,bunkyo
53394558,13,13105,2021,3,2,1,18770,2021/03,bunkyo
53394558,13,13105,2021,3,2,2,21331,2021/03,bunkyo
53394642,13,13106,2021,3,0,0,32787,2021/03,taito
53394642,13,13106,2021,3,0,1,32117,2021/03,taito
53394642,13,13106,2021,3,0,2,32282,2021/03,taito
53394642,13,13106,2021,3,1,0,68887,2021/03,taito
53394642,13,13106,2021,3,1,1,35371,2021/03,taito
53394642,13,13106,2021,3,1,2,50068,2021/03,taito
53394642,13,13106,2021,3,2,0,59571,2021/03,taito
53394642,13,13106,2021,3,2,1,34531,2021/03,taito
53394642,13,13106,2021,3,2,2,45478,2021/03,taito
53394519,13,13101,2021,4,0,0,8445,2021/04,chiyoda
53394519,13,13101,2021,4,0,1,4019,2021/04,chiyoda
53394519,13,13101,2021,4,0,2,5860,2021/04,chiyoda
53394519,13,13101,2021,4,1,0,42302,2021/04,chiyoda
53394519,13,13101,2021,4,1,1,8723,2021/04,chiyoda
53394519,13,13101,2021,4,1,2,24567,2021/04,chiyoda
53394519,13,13101,2021,4,2,0,32145,2021/04,chiyoda
53394519,13,13101,2021,4,2,1,7312,2021/04,chiyoda
53394519,13,13101,2021,4,2,2,18955,2021/04,chiyoda
53393671,13,13102,2021,4,0,0,113,2021/04,chuou
53393671,13,13102,2021,4,0,1,86,2021/04,chuou
53393671,13,13102,2021,4,0,2,97,2021/04,chuou
53393671,13,13102,2021,4,1,0,214,2021/04,chuou
53393671,13,13102,2021,4,1,1,157,2021/04,chuou
53393671,13,13102,2021,4,1,2,185,2021/04,chuou
53393671,13,13102,2021,4,2,0,184,2021/04,chuou
53393671,13,13102,2021,4,2,1,136,2021/04,chuou
53393671,13,13102,2021,4,2,2,159,2021/04,chuou
53393558,13,13103,2021,4,0,0,24591,2021/04,minato
53393558,13,13103,2021,4,0,1,21341,2021/04,minato
53393558,13,13103,2021,4,0,2,22615,2021/04,minato
53393558,13,13103,2021,4,1,0,38810,2021/04,minato
53393558,13,13103,2021,4,1,1,22825,2021/04,minato
53393558,13,13103,2021,4,1,2,30013,2021/04,minato
53393558,13,13103,2021,4,2,0,34544,2021/04,minato
53393558,13,13103,2021,4,2,1,22380,2021/04,minato
53393558,13,13103,2021,4,2,2,27794,2021/04,minato
53394517,13,13104,2021,4,0,0,11270,2021/04,shinjuku
53394517,13,13104,2021,4,0,1,7049,2021/04,shinjuku
53394517,13,13104,2021,4,0,2,8746,2021/04,shinjuku
53394517,13,13104,2021,4,1,0,20545,2021/04,shinjuku
53394517,13,13104,2021,4,1,1,8755,2021/04,shinjuku
53394517,13,13104,2021,4,1,2,14377,2021/04,shinjuku
53394517,13,13104,2021,4,2,0,17762,2021/04,shinjuku
53394517,13,13104,2021,4,2,1,8243,2021/04,shinjuku
53394517,13,13104,2021,4,2,2,12687,2021/04,shinjuku
53394558,13,13105,2021,4,0,0,19070,2021/04,bunkyo
53394558,13,13105,2021,4,0,1,18396,2021/04,bunkyo
53394558,13,13105,2021,4,0,2,18762,2021/04,bunkyo
53394558,13,13105,2021,4,1,0,25398,2021/04,bunkyo
53394558,13,13105,2021,4,1,1,19379,2021/04,bunkyo
53394558,13,13105,2021,4,1,2,22111,2021/04,bunkyo
53394558,13,13105,2021,4,2,0,23499,2021/04,bunkyo
53394558,13,13105,2021,4,2,1,19084,2021/04,bunkyo
53394558,13,13105,2021,4,2,2,21107,2021/04,bunkyo
53394642,13,13106,2021,4,0,0,32137,2021/04,taito
53394642,13,13106,2021,4,0,1,31000,2021/04,taito
53394642,13,13106,2021,4,0,2,31344,2021/04,taito
53394642,13,13106,2021,4,1,0,70899,2021/04,taito
53394642,13,13106,2021,4,1,1,35163,2021/04,taito
53394642,13,13106,2021,4,1,2,50696,2021/04,taito
53394642,13,13106,2021,4,2,0,59271,2021/04,taito
53394642,13,13106,2021,4,2,1,33914,2021/04,taito
53394642,13,13106,2021,4,2,2,44891,2021/04,taito
53394519,13,13101,2021,5,0,0,7418,2021/05,chiyoda
53394519,13,13101,2021,5,0,1,3747,2021/05,chiyoda
53394519,13,13101,2021,5,0,2,5327,2021/05,chiyoda
53394519,13,13101,2021,5,1,0,39851,2021/05,chiyoda
53394519,13,13101,2021,5,1,1,8306,2021/05,chiyoda
53394519,13,13101,2021,5,1,2,22848,2021/05,chiyoda
53394519,13,13101,2021,5,2,0,26250,2021/05,chiyoda
53394519,13,13101,2021,5,2,1,6394,2021/05,chiyoda
53394519,13,13101,2021,5,2,2,15500,2021/05,chiyoda
53393671,13,13102,2021,5,0,0,184,2021/05,chuou
53393671,13,13102,2021,5,0,1,144,2021/05,chuou
53393671,13,13102,2021,5,0,2,162,2021/05,chuou
53393671,13,13102,2021,5,1,0,180,2021/05,chuou
53393671,13,13102,2021,5,1,1,125,2021/05,chuou
53393671,13,13102,2021,5,1,2,139,2021/05,chuou
53393671,13,13102,2021,5,2,0,182,2021/05,chuou
53393671,13,13102,2021,5,2,1,133,2021/05,chuou
53393671,13,13102,2021,5,2,2,149,2021/05,chuou
53393558,13,13103,2021,5,0,0,20136,2021/05,minato
53393558,13,13103,2021,5,0,1,19933,2021/05,minato
53393558,13,13103,2021,5,0,2,19892,2021/05,minato
53393558,13,13103,2021,5,1,0,37287,2021/05,minato
53393558,13,13103,2021,5,1,1,21680,2021/05,minato
53393558,13,13103,2021,5,1,2,28659,2021/05,minato
53393558,13,13103,2021,5,2,0,30095,2021/05,minato
53393558,13,13103,2021,5,2,1,20947,2021/05,minato
53393558,13,13103,2021,5,2,2,24983,2021/05,minato
53394517,13,13104,2021,5,0,0,9739,2021/05,shinjuku
53394517,13,13104,2021,5,0,1,6851,2021/05,shinjuku
53394517,13,13104,2021,5,0,2,8261,2021/05,shinjuku
53394517,13,13104,2021,5,1,0,20356,2021/05,shinjuku
53394517,13,13104,2021,5,1,1,8891,2021/05,shinjuku
53394517,13,13104,2021,5,1,2,13973,2021/05,shinjuku
53394517,13,13104,2021,5,2,0,15904,2021/05,shinjuku
53394517,13,13104,2021,5,2,1,8036,2021/05,shinjuku
53394517,13,13104,2021,5,2,2,11577,2021/05,shinjuku
53394558,13,13105,2021,5,0,0,19336,2021/05,bunkyo
53394558,13,13105,2021,5,0,1,18990,2021/05,bunkyo
53394558,13,13105,2021,5,0,2,19252,2021/05,bunkyo
53394558,13,13105,2021,5,1,0,25289,2021/05,bunkyo
53394558,13,13105,2021,5,1,1,19580,2021/05,bunkyo
53394558,13,13105,2021,5,1,2,22494,2021/05,bunkyo
53394558,13,13105,2021,5,2,0,22793,2021/05,bunkyo
53394558,13,13105,2021,5,2,1,19332,2021/05,bunkyo
53394558,13,13105,2021,5,2,2,21134,2021/05,bunkyo
53394642,13,13106,2021,5,0,0,32242,2021/05,taito
53394642,13,13106,2021,5,0,1,31044,2021/05,taito
53394642,13,13106,2021,5,0,2,31781,2021/05,taito
53394642,13,13106,2021,5,1,0,71039,2021/05,taito
53394642,13,13106,2021,5,1,1,36716,2021/05,taito
53394642,13,13106,2021,5,1,2,51639,2021/05,taito
53394642,13,13106,2021,5,2,0,54770,2021/05,taito
53394642,13,13106,2021,5,2,1,34338,2021/05,taito
53394642,13,13106,2021,5,2,2,43311,2021/05,taito
53394519,13,13101,2021,6,0,0,8219,2021/06,chiyoda
53394519,13,13101,2021,6,0,1,3593,2021/06,chiyoda
53394519,13,13101,2021,6,0,2,5603,2021/06,chiyoda
53394519,13,13101,2021,6,1,0,41184,2021/06,chiyoda
53394519,13,13101,2021,6,1,1,9486,2021/06,chiyoda
53394519,13,13101,2021,6,1,2,24052,2021/06,chiyoda
53394519,13,13101,2021,6,2,0,32393,2021/06,chiyoda
53394519,13,13101,2021,6,2,1,7915,2021/06,chiyoda
53394519,13,13101,2021,6,2,2,19132,2021/06,chiyoda
53393671,13,13102,2021,6,0,0,210,2021/06,chuou
53393671,13,13102,2021,6,0,1,159,2021/06,chuou
53393671,13,13102,2021,6,0,2,169,2021/06,chuou
53393671,13,13102,2021,6,1,0,222,2021/06,chuou
53393671,13,13102,2021,6,1,1,155,2021/06,chuou
53393671,13,13102,2021,6,1,2,185,2021/06,chuou
53393671,13,13102,2021,6,2,0,219,2021/06,chuou
53393671,13,13102,2021,6,2,1,156,2021/06,chuou
53393671,13,13102,2021,6,2,2,181,2021/06,chuou
53393558,13,13103,2021,6,0,0,25483,2021/06,minato
53393558,13,13103,2021,6,0,1,21628,2021/06,minato
53393558,13,13103,2021,6,0,2,23100,2021/06,minato
53393558,13,13103,2021,6,1,0,39359,2021/06,minato
53393558,13,13103,2021,6,1,1,23591,2021/06,minato
53393558,13,13103,2021,6,1,2,30622,2021/06,minato
53393558,13,13103,2021,6,2,0,35659,2021/06,minato
53393558,13,13103,2021,6,2,1,23067,2021/06,minato
53393558,13,13103,2021,6,2,2,28616,2021/06,minato
53394517,13,13104,2021,6,0,0,12354,2021/06,shinjuku
53394517,13,13104,2021,6,0,1,7366,2021/06,shinjuku
53394517,13,13104,2021,6,0,2,9310,2021/06,shinjuku
53394517,13,13104,2021,6,1,0,21609,2021/06,shinjuku
53394517,13,13104,2021,6,1,1,9424,2021/06,shinjuku
53394517,13,13104,2021,6,1,2,14988,2021/06,shinjuku
53394517,13,13104,2021,6,2,0,19141,2021/06,shinjuku
53394517,13,13104,2021,6,2,1,8875,2021/06,shinjuku
53394517,13,13104,2021,6,2,2,13474,2021/06,shinjuku
53394558,13,13105,2021,6,0,0,18676,2021/06,bunkyo
53394558,13,13105,2021,6,0,1,18699,2021/06,bunkyo
53394558,13,13105,2021,6,0,2,18924,2021/06,bunkyo
53394558,13,13105,2021,6,1,0,24558,2021/06,bunkyo
53394558,13,13105,2021,6,1,1,19393,2021/06,bunkyo
53394558,13,13105,2021,6,1,2,21980,2021/06,bunkyo
53394558,13,13105,2021,6,2,0,22990,2021/06,bunkyo
53394558,13,13105,2021,6,2,1,19208,2021/06,bunkyo
53394558,13,13105,2021,6,2,2,21165,2021/06,bunkyo
53394642,13,13106,2021,6,0,0,32665,2021/06,taito
53394642,13,13106,2021,6,0,1,30983,2021/06,taito
53394642,13,13106,2021,6,0,2,31684,2021/06,taito
53394642,13,13106,2021,6,1,0,68864,2021/06,taito
53394642,13,13106,2021,6,1,1,36246,2021/06,taito
53394642,13,13106,2021,6,1,2,50225,2021/06,taito
53394642,13,13106,2021,6,2,0,59211,2021/06,taito
53394642,13,13106,2021,6,2,1,34843,2021/06,taito
53394642,13,13106,2021,6,2,2,45281,2021/06,taito
53394519,13,13101,2021,7,0,0,8868,2021/07,chiyoda
53394519,13,13101,2021,7,0,1,4388,2021/07,chiyoda
53394519,13,13101,2021,7,0,2,6381,2021/07,chiyoda
53394519,13,13101,2021,7,1,0,40857,2021/07,chiyoda
53394519,13,13101,2021,7,1,1,10204,2021/07,chiyoda
53394519,13,13101,2021,7,1,2,24049,2021/07,chiyoda
53394519,13,13101,2021,7,2,0,29506,2021/07,chiyoda
53394519,13,13101,2021,7,2,1,8140,2021/07,chiyoda
53394519,13,13101,2021,7,2,2,17780,2021/07,chiyoda
53393671,13,13102,2021,7,0,0,695,2021/07,chuou
53393671,13,13102,2021,7,0,1,519,2021/07,chuou
53393671,13,13102,2021,7,0,2,637,2021/07,chuou
53393671,13,13102,2021,7,1,0,781,2021/07,chuou
53393671,13,13102,2021,7,1,1,492,2021/07,chuou
53393671,13,13102,2021,7,1,2,616,2021/07,chuou
53393671,13,13102,2021,7,2,0,751,2021/07,chuou
53393671,13,13102,2021,7,2,1,501,2021/07,chuou
53393671,13,13102,2021,7,2,2,624,2021/07,chuou
53393558,13,13103,2021,7,0,0,24955,2021/07,minato
53393558,13,13103,2021,7,0,1,21265,2021/07,minato
53393558,13,13103,2021,7,0,2,22296,2021/07,minato
53393558,13,13103,2021,7,1,0,39357,2021/07,minato
53393558,13,13103,2021,7,1,1,23764,2021/07,minato
53393558,13,13103,2021,7,1,2,30423,2021/07,minato
53393558,13,13103,2021,7,2,0,34246,2021/07,minato
53393558,13,13103,2021,7,2,1,22877,2021/07,minato
53393558,13,13103,2021,7,2,2,27539,2021/07,minato
53394517,13,13104,2021,7,0,0,13599,2021/07,shinjuku
53394517,13,13104,2021,7,0,1,8113,2021/07,shinjuku
53394517,13,13104,2021,7,0,2,10926,2021/07,shinjuku
53394517,13,13104,2021,7,1,0,21762,2021/07,shinjuku
53394517,13,13104,2021,7,1,1,9674,2021/07,shinjuku
53394517,13,13104,2021,7,1,2,15372,2021/07,shinjuku
53394517,13,13104,2021,7,2,0,18865,2021/07,shinjuku
53394517,13,13104,2021,7,2,1,9120,2021/07,shinjuku
53394517,13,13104,2021,7,2,2,13794,2021/07,shinjuku
53394558,13,13105,2021,7,0,0,18628,2021/07,bunkyo
53394558,13,13105,2021,7,0,1,18710,2021/07,bunkyo
53394558,13,13105,2021,7,0,2,18545,2021/07,bunkyo
53394558,13,13105,2021,7,1,0,24700,2021/07,bunkyo
53394558,13,13105,2021,7,1,1,19443,2021/07,bunkyo
53394558,13,13105,2021,7,1,2,22093,2021/07,bunkyo
53394558,13,13105,2021,7,2,0,22545,2021/07,bunkyo
53394558,13,13105,2021,7,2,1,19183,2021/07,bunkyo
53394558,13,13105,2021,7,2,2,20834,2021/07,bunkyo
53394642,13,13106,2021,7,0,0,31485,2021/07,taito
53394642,13,13106,2021,7,0,1,30771,2021/07,taito
53394642,13,13106,2021,7,0,2,31159,2021/07,taito
53394642,13,13106,2021,7,1,0,70428,2021/07,taito
53394642,13,13106,2021,7,1,1,36990,2021/07,taito
53394642,13,13106,2021,7,1,2,51218,2021/07,taito
53394642,13,13106,2021,7,2,0,56610,2021/07,taito
53394642,13,13106,2021,7,2,1,34783,2021/07,taito
53394642,13,13106,2021,7,2,2,44100,2021/07,taito
53394519,13,13101,2021,8,0,0,8737,2021/08,chiyoda
53394519,13,13101,2021,8,0,1,3865,2021/08,chiyoda
53394519,13,13101,2021,8,0,2,6125,2021/08,chiyoda
53394519,13,13101,2021,8,1,0,36587,2021/08,chiyoda
53394519,13,13101,2021,8,1,1,9071,2021/08,chiyoda
53394519,13,13101,2021,8,1,2,21365,2021/08,chiyoda
53394519,13,13101,2021,8,2,0,27603,2021/08,chiyoda
53394519,13,13101,2021,8,2,1,7391,2021/08,chiyoda
53394519,13,13101,2021,8,2,2,16449,2021/08,chiyoda
53393671,13,13102,2021,8,0,0,883,2021/08,chuou
53393671,13,13102,2021,8,0,1,417,2021/08,chuou
53393671,13,13102,2021,8,0,2,671,2021/08,chuou
53393671,13,13102,2021,8,1,0,572,2021/08,chuou
53393671,13,13102,2021,8,1,1,406,2021/08,chuou
53393671,13,13102,2021,8,1,2,494,2021/08,chuou
53393671,13,13102,2021,8,2,0,672,2021/08,chuou
53393671,13,13102,2021,8,2,1,410,2021/08,chuou
53393671,13,13102,2021,8,2,2,551,2021/08,chuou
53393558,13,13103,2021,8,0,0,24127,2021/08,minato
53393558,13,13103,2021,8,0,1,20677,2021/08,minato
53393558,13,13103,2021,8,0,2,22064,2021/08,minato
53393558,13,13103,2021,8,1,0,36945,2021/08,minato
53393558,13,13103,2021,8,1,1,23373,2021/08,minato
53393558,13,13103,2021,8,1,2,29123,2021/08,minato
53393558,13,13103,2021,8,2,0,32810,2021/08,minato
53393558,13,13103,2021,8,2,1,22503,2021/08,minato
53393558,13,13103,2021,8,2,2,26846,2021/08,minato
53394517,13,13104,2021,8,0,0,11801,2021/08,shinjuku
53394517,13,13104,2021,8,0,1,7666,2021/08,shinjuku
53394517,13,13104,2021,8,0,2,9935,2021/08,shinjuku
53394517,13,13104,2021,8,1,0,20829,2021/08,shinjuku
53394517,13,13104,2021,8,1,1,9525,2021/08,shinjuku
53394517,13,13104,2021,8,1,2,14847,2021/08,shinjuku
53394517,13,13104,2021,8,2,0,17917,2021/08,shinjuku
53394517,13,13104,2021,8,2,1,8926,2021/08,shinjuku
53394517,13,13104,2021,8,2,2,13262,2021/08,shinjuku
53394558,13,13105,2021,8,0,0,17987,2021/08,bunkyo
53394558,13,13105,2021,8,0,1,18093,2021/08,bunkyo
53394558,13,13105,2021,8,0,2,18301,2021/08,bunkyo
53394558,13,13105,2021,8,1,0,22802,2021/08,bunkyo
53394558,13,13105,2021,8,1,1,18680,2021/08,bunkyo
53394558,13,13105,2021,8,1,2,20837,2021/08,bunkyo
53394558,13,13105,2021,8,2,0,21249,2021/08,bunkyo
53394558,13,13105,2021,8,2,1,18491,2021/08,bunkyo
53394558,13,13105,2021,8,2,2,20019,2021/08,bunkyo
53394642,13,13106,2021,8,0,0,31347,2021/08,taito
53394642,13,13106,2021,8,0,1,30864,2021/08,taito
53394642,13,13106,2021,8,0,2,31003,2021/08,taito
53394642,13,13106,2021,8,1,0,62318,2021/08,taito
53394642,13,13106,2021,8,1,1,34656,2021/08,taito
53394642,13,13106,2021,8,1,2,46668,2021/08,taito
53394642,13,13106,2021,8,2,0,52327,2021/08,taito
53394642,13,13106,2021,8,2,1,33433,2021/08,taito
53394642,13,13106,2021,8,2,2,41615,2021/08,taito
53394519,13,13101,2021,9,0,0,9389,2021/09,chiyoda
53394519,13,13101,2021,9,0,1,4035,2021/09,chiyoda
53394519,13,13101,2021,9,0,2,6406,2021/09,chiyoda
53394519,13,13101,2021,9,1,0,37388,2021/09,chiyoda
53394519,13,13101,2021,9,1,1,8910,2021/09,chiyoda
53394519,13,13101,2021,9,1,2,21993,2021/09,chiyoda
53394519,13,13101,2021,9,2,0,28055,2021/09,chiyoda
53394519,13,13101,2021,9,2,1,7285,2021/09,chiyoda
53394519,13,13101,2021,9,2,2,16797,2021/09,chiyoda
53393671,13,13102,2021,9,0,0,293,2021/09,chuou
53393671,13,13102,2021,9,0,1,184,2021/09,chuou
53393671,13,13102,2021,9,0,2,224,2021/09,chuou
53393671,13,13102,2021,9,1,0,353,2021/09,chuou
53393671,13,13102,2021,9,1,1,208,2021/09,chuou
53393671,13,13102,2021,9,1,2,265,2021/09,chuou
53393671,13,13102,2021,9,2,0,333,2021/09,chuou
53393671,13,13102,2021,9,2,1,200,2021/09,chuou
53393671,13,13102,2021,9,2,2,252,2021/09,chuou
53393558,13,13103,2021,9,0,0,24100,2021/09,minato
53393558,13,13103,2021,9,0,1,21228,2021/09,minato
53393558,13,13103,2021,9,0,2,22153,2021/09,minato
53393558,13,13103,2021,9,1,0,37668,2021/09,minato
53393558,13,13103,2021,9,1,1,23106,2021/09,minato
53393558,13,13103,2021,9,1,2,29407,2021/09,minato
53393558,13,13103,2021,9,2,0,33145,2021/09,minato
53393558,13,13103,2021,9,2,1,22480,2021/09,minato
53393558,13,13103,2021,9,2,2,26989,2021/09,minato
53394517,13,13104,2021,9,0,0,11035,2021/09,shinjuku
53394517,13,13104,2021,9,0,1,6876,2021/09,shinjuku
53394517,13,13104,2021,9,0,2,9131,2021/09,shinjuku
53394517,13,13104,2021,9,1,0,20969,2021/09,shinjuku
53394517,13,13104,2021,9,1,1,9027,2021/09,shinjuku
53394517,13,13104,2021,9,1,2,14553,2021/09,shinjuku
53394517,13,13104,2021,9,2,0,17658,2021/09,shinjuku
53394517,13,13104,2021,9,2,1,8310,2021/09,shinjuku
53394517,13,13104,2021,9,2,2,12746,2021/09,shinjuku
53394558,13,13105,2021,9,0,0,17904,2021/09,bunkyo
53394558,13,13105,2021,9,0,1,17750,2021/09,bunkyo
53394558,13,13105,2021,9,0,2,17852,2021/09,bunkyo
53394558,13,13105,2021,9,1,0,23856,2021/09,bunkyo
53394558,13,13105,2021,9,1,1,19021,2021/09,bunkyo
53394558,13,13105,2021,9,1,2,21617,2021/09,bunkyo
53394558,13,13105,2021,9,2,0,21872,2021/09,bunkyo
53394558,13,13105,2021,9,2,1,18597,2021/09,bunkyo
53394558,13,13105,2021,9,2,2,20362,2021/09,bunkyo
53394642,13,13106,2021,9,0,0,31614,2021/09,taito
53394642,13,13106,2021,9,0,1,30515,2021/09,taito
53394642,13,13106,2021,9,0,2,31239,2021/09,taito
53394642,13,13106,2021,9,1,0,66050,2021/09,taito
53394642,13,13106,2021,9,1,1,35627,2021/09,taito
53394642,13,13106,2021,9,1,2,48631,2021/09,taito
53394642,13,13106,2021,9,2,0,54571,2021/09,taito
53394642,13,13106,2021,9,2,1,33923,2021/09,taito
53394642,13,13106,2021,9,2,2,42834,2021/09,taito
53394519,13,13101,2021,10,0,0,9748,2021/10,chiyoda
53394519,13,13101,2021,10,0,1,4820,2021/10,chiyoda
53394519,13,13101,2021,10,0,2,6976,2021/10,chiyoda
53394519,13,13101,2021,10,1,0,41301,2021/10,chiyoda
53394519,13,13101,2021,10,1,1,10374,2021/10,chiyoda
53394519,13,13101,2021,10,1,2,24523,2021/10,chiyoda
53394519,13,13101,2021,10,2,0,31123,2021/10,chiyoda
53394519,13,13101,2021,10,2,1,8582,2021/10,chiyoda
53394519,13,13101,2021,10,2,2,18863,2021/10,chiyoda
53393671,13,13102,2021,10,0,0,171,2021/10,chuou
53393671,13,13102,2021,10,0,1,87,2021/10,chuou
53393671,13,13102,2021,10,0,2,122,2021/10,chuou
53393671,13,13102,2021,10,1,0,218,2021/10,chuou
53393671,13,13102,2021,10,1,1,156,2021/10,chuou
53393671,13,13102,2021,10,1,2,184,2021/10,chuou
53393671,13,13102,2021,10,2,0,202,2021/10,chuou
53393671,13,13102,2021,10,2,1,134,2021/10,chuou
53393671,13,13102,2021,10,2,2,164,2021/10,chuou
53393558,13,13103,2021,10,0,0,26826,2021/10,minato
53393558,13,13103,2021,10,0,1,24400,2021/10,minato
53393558,13,13103,2021,10,0,2,25027,2021/10,minato
53393558,13,13103,2021,10,1,0,38176,2021/10,minato
53393558,13,13103,2021,10,1,1,24286,2021/10,minato
53393558,13,13103,2021,10,1,2,30666,2021/10,minato
53393558,13,13103,2021,10,2,0,34515,2021/10,minato
53393558,13,13103,2021,10,2,1,24323,2021/10,minato
53393558,13,13103,2021,10,2,2,28847,2021/10,minato
53394517,13,13104,2021,10,0,0,11616,2021/10,shinjuku
53394517,13,13104,2021,10,0,1,7641,2021/10,shinjuku
53394517,13,13104,2021,10,0,2,9509,2021/10,shinjuku
53394517,13,13104,2021,10,1,0,20409,2021/10,shinjuku
53394517,13,13104,2021,10,1,1,9492,2021/10,shinjuku
53394517,13,13104,2021,10,1,2,14677,2021/10,shinjuku
53394517,13,13104,2021,10,2,0,17572,2021/10,shinjuku
53394517,13,13104,2021,10,2,1,8895,2021/10,shinjuku
53394517,13,13104,2021,10,2,2,13010,2021/10,shinjuku
53394558,13,13105,2021,10,0,0,18645,2021/10,bunkyo
53394558,13,13105,2021,10,0,1,18303,2021/10,bunkyo
53394558,13,13105,2021,10,0,2,18390,2021/10,bunkyo
53394558,13,13105,2021,10,1,0,24010,2021/10,bunkyo
53394558,13,13105,2021,10,1,1,19142,2021/10,bunkyo
53394558,13,13105,2021,10,1,2,21655,2021/10,bunkyo
53394558,13,13105,2021,10,2,0,22280,2021/10,bunkyo
53394558,13,13105,2021,10,2,1,18871,2021/10,bunkyo
53394558,13,13105,2021,10,2,2,20602,2021/10,bunkyo
53394642,13,13106,2021,10,0,0,31304,2021/10,taito
53394642,13,13106,2021,10,0,1,29954,2021/10,taito
53394642,13,13106,2021,10,0,2,30862,2021/10,taito
53394642,13,13106,2021,10,1,0,66263,2021/10,taito
53394642,13,13106,2021,10,1,1,36106,2021/10,taito
53394642,13,13106,2021,10,1,2,48751,2021/10,taito
53394642,13,13106,2021,10,2,0,54986,2021/10,taito
53394642,13,13106,2021,10,2,1,34122,2021/10,taito
53394642,13,13106,2021,10,2,2,42980,2021/10,taito
53394519,13,13101,2021,11,0,0,10588,2021/11,chiyoda
53394519,13,13101,2021,11,0,1,5607,2021/11,chiyoda
53394519,13,13101,2021,11,0,2,7609,2021/11,chiyoda
53394519,13,13101,2021,11,1,0,46767,2021/11,chiyoda
53394519,13,13101,2021,11,1,1,11858,2021/11,chiyoda
53394519,13,13101,2021,11,1,2,27783,2021/11,chiyoda
53394519,13,13101,2021,11,2,0,34708,2021/11,chiyoda
53394519,13,13101,2021,11,2,1,9775,2021/11,chiyoda
53394519,13,13101,2021,11,2,2,21058,2021/11,chiyoda
53393671,13,13102,2021,11,0,0,209,2021/11,chuou
53393671,13,13102,2021,11,0,1,162,2021/11,chuou
53393671,13,13102,2021,11,0,2,200,2021/11,chuou
53393671,13,13102,2021,11,1,0,229,2021/11,chuou
53393671,13,13102,2021,11,1,1,117,2021/11,chuou
53393671,13,13102,2021,11,1,2,176,2021/11,chuou
53393671,13,13102,2021,11,2,0,222,2021/11,chuou
53393671,13,13102,2021,11,2,1,132,2021/11,chuou
53393671,13,13102,2021,11,2,2,184,2021/11,chuou
53393558,13,13103,2021,11,0,0,27818,2021/11,minato
53393558,13,13103,2021,11,0,1,24440,2021/11,minato
53393558,13,13103,2021,11,0,2,25534,2021/11,minato
53393558,13,13103,2021,11,1,0,39740,2021/11,minato
53393558,13,13103,2021,11,1,1,25712,2021/11,minato
53393558,13,13103,2021,11,1,2,32178,2021/11,minato
53393558,13,13103,2021,11,2,0,35766,2021/11,minato
53393558,13,13103,2021,11,2,1,25288,2021/11,minato
53393558,13,13103,2021,11,2,2,29963,2021/11,minato
53394517,13,13104,2021,11,0,0,13332,2021/11,shinjuku
53394517,13,13104,2021,11,0,1,7685,2021/11,shinjuku
53394517,13,13104,2021,11,0,2,9658,2021/11,shinjuku
53394517,13,13104,2021,11,1,0,21518,2021/11,shinjuku
53394517,13,13104,2021,11,1,1,9346,2021/11,shinjuku
53394517,13,13104,2021,11,1,2,14889,2021/11,shinjuku
53394517,13,13104,2021,11,2,0,18789,2021/11,shinjuku
53394517,13,13104,2021,11,2,1,8792,2021/11,shinjuku
53394517,13,13104,2021,11,2,2,13145,2021/11,shinjuku
53394558,13,13105,2021,11,0,0,18569,2021/11,bunkyo
53394558,13,13105,2021,11,0,1,18465,2021/11,bunkyo
53394558,13,13105,2021,11,0,2,18377,2021/11,bunkyo
53394558,13,13105,2021,11,1,0,23896,2021/11,bunkyo
53394558,13,13105,2021,11,1,1,19291,2021/11,bunkyo
53394558,13,13105,2021,11,1,2,21651,2021/11,bunkyo
53394558,13,13105,2021,11,2,0,22120,2021/11,bunkyo
53394558,13,13105,2021,11,2,1,19016,2021/11,bunkyo
53394558,13,13105,2021,11,2,2,20559,2021/11,bunkyo
53394642,13,13106,2021,11,0,0,30683,2021/11,taito
53394642,13,13106,2021,11,0,1,29548,2021/11,taito
53394642,13,13106,2021,11,0,2,30136,2021/11,taito
53394642,13,13106,2021,11,1,0,67067,2021/11,taito
53394642,13,13106,2021,11,1,1,35890,2021/11,taito
53394642,13,13106,2021,11,1,2,49347,2021/11,taito
53394642,13,13106,2021,11,2,0,54939,2021/11,taito
53394642,13,13106,2021,11,2,1,33776,2021/11,taito
53394642,13,13106,2021,11,2,2,42943,2021/11,taito
53394519,13,13101,2021,12,0,0,10745,2021/12,chiyoda
53394519,13,13101,2021,12,0,1,5829,2021/12,chiyoda
53394519,13,13101,2021,12,0,2,8013,2021/12,chiyoda
53394519,13,13101,2021,12,1,0,41403,2021/12,chiyoda
53394519,13,13101,2021,12,1,1,10838,2021/12,chiyoda
53394519,13,13101,2021,12,1,2,25045,2021/12,chiyoda
53394519,13,13101,2021,12,2,0,33491,2021/12,chiyoda
53394519,13,13101,2021,12,2,1,9545,2021/12,chiyoda
53394519,13,13101,2021,12,2,2,20649,2021/12,chiyoda
53393671,13,13102,2021,12,0,0,115,2021/12,chuou
53393671,13,13102,2021,12,0,1,90,2021/12,chuou
53393671,13,13102,2021,12,0,2,126,2021/12,chuou
53393671,13,13102,2021,12,1,0,230,2021/12,chuou
53393671,13,13102,2021,12,1,1,109,2021/12,chuou
53393671,13,13102,2021,12,1,2,174,2021/12,chuou
53393671,13,13102,2021,12,2,0,200,2021/12,chuou
53393671,13,13102,2021,12,2,1,104,2021/12,chuou
53393671,13,13102,2021,12,2,2,161,2021/12,chuou
53393558,13,13103,2021,12,0,0,27244,2021/12,minato
53393558,13,13103,2021,12,0,1,24723,2021/12,minato
53393558,13,13103,2021,12,0,2,25616,2021/12,minato
53393558,13,13103,2021,12,1,0,36965,2021/12,minato
53393558,13,13103,2021,12,1,1,24936,2021/12,minato
53393558,13,13103,2021,12,1,2,30724,2021/12,minato
53393558,13,13103,2021,12,2,0,34456,2021/12,minato
53393558,13,13103,2021,12,2,1,24881,2021/12,minato
53393558,13,13103,2021,12,2,2,29406,2021/12,minato
53394517,13,13104,2021,12,0,0,24744,2021/12,shinjuku
53394517,13,13104,2021,12,0,1,8418,2021/12,shinjuku
53394517,13,13104,2021,12,0,2,13913,2021/12,shinjuku
53394517,13,13104,2021,12,1,0,20430,2021/12,shinjuku
53394517,13,13104,2021,12,1,1,9370,2021/12,shinjuku
53394517,13,13104,2021,12,1,2,14494,2021/12,shinjuku
53394517,13,13104,2021,12,2,0,21543,2021/12,shinjuku
53394517,13,13104,2021,12,2,1,9124,2021/12,shinjuku
53394517,13,13104,2021,12,2,2,14344,2021/12,shinjuku
53394558,13,13105,2021,12,0,0,19386,2021/12,bunkyo
53394558,13,13105,2021,12,0,1,18691,2021/12,bunkyo
53394558,13,13105,2021,12,0,2,18945,2021/12,bunkyo
53394558,13,13105,2021,12,1,0,22866,2021/12,bunkyo
53394558,13,13105,2021,12,1,1,18337,2021/12,bunkyo
53394558,13,13105,2021,12,1,2,20701,2021/12,bunkyo
53394558,13,13105,2021,12,2,0,21968,2021/12,bunkyo
53394558,13,13105,2021,12,2,1,18428,2021/12,bunkyo
53394558,13,13105,2021,12,2,2,20248,2021/12,bunkyo
53394642,13,13106,2021,12,0,0,31266,2021/12,taito
53394642,13,13106,2021,12,0,1,29881,2021/12,taito
53394642,13,13106,2021,12,0,2,30494,2021/12,taito
53394642,13,13106,2021,12,1,0,62125,2021/12,taito
53394642,13,13106,2021,12,1,1,34895,2021/12,taito
53394642,13,13106,2021,12,1,2,46501,2021/12,taito
53394642,13,13106,2021,12,2,0,54161,2021/12,taito
53394642,13,13106,2021,12,2,1,33601,2021/12,taito
53394642,13,13106,2021,12,2,2,42370,2021/12,taito
